Document Index (generated),Eightd Has Available Keys,Legacy Id,Station Id,Station Status,stations Index (generated),Is Installed,Is Renting,Is Returning,Last Reported,Last Updated,Num Bikes Available,Num Bikes Disabled,Num Docks Available,Num Docks Disabled,Num Ebikes Available,Number of Records per station_status.json,Ttl
1,False,72,72,active,1,1,1,1,1596614030,1596615920,19,0,36,0,1,1,5
1,False,79,79,active,2,1,1,1,1596608005,1596615920,23,1,9,0,0,1,5
1,False,82,82,active,3,1,1,1,1596605527,1596615920,22,3,2,0,0,1,5
1,False,83,83,active,4,1,1,1,1596610025,1596615920,44,0,18,0,0,1,5
1,False,116,116,active,5,1,1,1,1596611133,1596615920,24,0,26,0,0,1,5
1,False,119,119,active,6,1,1,1,1596605257,1596615920,16,0,3,0,0,1,5
1,False,120,120,active,7,1,1,1,1596605103,1596615920,11,4,4,0,0,1,5
1,False,127,127,active,8,1,1,1,1596606759,1596615920,22,2,7,0,0,1,5
1,False,128,128,active,9,1,1,1,1596606799,1596615920,21,2,7,0,0,1,5
1,False,143,143,active,10,1,1,1,1596604524,1596615920,2,1,21,0,0,1,5
1,False,144,144,active,11,1,1,1,1596610974,1596615920,56,1,1,0,1,1,5
1,False,146,146,active,12,1,1,1,1596612188,1596615920,24,1,14,0,0,1,5
1,False,150,150,active,13,1,1,1,1596605516,1596615920,38,2,15,0,0,1,5
1,True,151,151,active,14,1,1,1,1596612820,1596615920,24,1,8,0,0,1,5
1,False,157,157,active,15,1,1,1,1596607509,1596615920,7,0,16,0,0,1,5
1,False,161,161,active,16,1,1,1,1596614920,1596615920,23,1,11,0,0,1,5
1,False,164,164,active,17,1,1,1,1596610346,1596615920,2,3,42,0,0,1,5
1,False,167,167,active,18,1,1,1,1596612930,1596615920,2,1,42,0,0,1,5
1,False,168,168,out_of_service,19,0,0,0,86400,1596615920,0,0,0,0,0,1,5
1,False,173,173,active,20,1,1,1,1596612433,1596615920,3,2,65,0,0,1,5
1,False,174,174,active,21,1,1,1,1596614118,1596615920,2,1,27,0,0,1,5
1,False,195,195,active,22,1,1,1,1596613164,1596615920,28,1,16,0,0,1,5
1,False,212,212,active,23,1,1,1,1596608028,1596615920,10,1,49,0,0,1,5
1,False,216,216,active,24,1,1,1,1596605674,1596615920,3,1,19,0,0,1,5
1,False,217,217,active,25,1,1,1,1596611701,1596615920,18,2,19,0,0,1,5
1,False,223,223,active,26,1,1,1,1596614019,1596615920,22,2,9,0,0,1,5
1,True,224,224,active,27,1,0,0,1596175672,1596615920,0,0,30,0,0,1,5
1,False,228,228,active,28,1,1,1,1596606906,1596615920,2,0,53,0,0,1,5
1,False,229,229,active,29,1,1,1,1596605603,1596615920,8,1,14,0,0,1,5
1,False,236,236,active,30,1,1,1,1596614939,1596615920,31,2,14,0,1,1,5
1,False,237,237,active,31,1,1,1,1596605704,1596615920,5,2,32,0,0,1,5
1,False,238,238,active,32,1,1,1,1596608675,1596615920,0,1,30,0,0,1,5
1,False,239,239,active,33,1,1,1,1596604450,1596615920,8,0,23,0,0,1,5
1,False,241,241,active,34,1,1,1,1596604361,1596615920,5,0,18,0,0,1,5
1,False,242,242,active,35,1,1,1,1596615911,1596615920,32,0,14,0,0,1,5
1,False,244,244,active,36,1,1,1,1596604423,1596615920,12,1,18,0,0,1,5
1,True,245,245,active,37,1,1,1,1596608150,1596615920,11,0,12,0,0,1,5
1,False,247,247,active,38,1,1,1,1596613984,1596615920,46,3,6,0,0,1,5
1,False,248,248,active,39,1,1,1,1596605658,1596615920,44,0,55,0,0,1,5
1,False,249,249,active,40,1,1,1,1596608058,1596615920,14,2,11,0,0,1,5
1,False,250,250,active,41,1,1,1,1596605732,1596615920,18,1,21,0,0,1,5
1,False,251,251,active,42,1,1,1,1596606761,1596615920,22,1,4,0,0,1,5
1,False,252,252,active,43,1,1,1,1596611559,1596615920,27,1,4,1,0,1,5
1,False,254,254,active,44,1,1,1,1596606739,1596615920,13,5,29,0,0,1,5
1,False,257,257,active,45,1,1,1,1596612033,1596615920,18,2,19,0,0,1,5
1,False,258,258,active,46,1,1,1,1596604326,1596615920,10,0,13,0,1,1,5
1,False,259,259,active,47,1,1,1,1596615711,1596615920,9,1,29,0,0,1,5
1,False,260,260,active,48,1,1,1,1596607132,1596615920,20,1,12,0,0,1,5
1,False,261,261,active,49,1,1,1,1596615821,1596615920,12,2,13,0,0,1,5
1,False,262,262,active,50,1,1,1,1596605663,1596615920,3,0,21,0,0,1,5
1,False,264,264,active,51,1,1,1,1596608596,1596615920,23,1,3,0,0,1,5
1,False,265,265,active,52,1,1,1,1596608101,1596615920,7,0,28,0,0,1,5
1,False,267,267,active,53,1,1,1,1596607957,1596615920,0,3,75,0,0,1,5
1,False,268,268,active,54,1,1,1,1596615085,1596615920,4,1,22,0,0,1,5
1,False,270,270,active,55,1,1,1,1596608006,1596615920,11,0,12,0,0,1,5
1,False,274,274,active,56,1,1,1,1596605948,1596615920,17,1,13,0,0,1,5
1,False,275,275,active,57,1,1,1,1596604400,1596615920,2,1,16,0,0,1,5
1,False,276,276,active,58,1,1,1,1596614142,1596615920,5,1,19,0,0,1,5
1,False,278,278,active,59,1,1,1,1596609016,1596615920,16,0,3,0,1,1,5
1,False,280,280,active,60,1,1,1,1596606871,1596615920,14,0,45,0,0,1,5
1,False,281,281,active,61,1,1,1,1596611127,1596615920,1,0,65,0,1,1,5
1,False,282,282,active,62,1,1,1,1596609740,1596615920,27,0,0,0,0,1,5
1,False,284,284,active,63,1,1,1,1596609665,1596615920,22,1,20,0,0,1,5
1,True,285,285,active,64,1,1,1,1596613036,1596615920,1,1,51,0,0,1,5
1,False,289,289,active,65,1,1,1,1596607635,1596615920,6,0,13,0,0,1,5
1,False,291,291,active,66,1,1,1,1596612416,1596615920,5,3,12,0,0,1,5
1,False,293,293,active,67,1,1,1,1596612050,1596615920,17,1,37,0,0,1,5
1,False,295,295,active,68,1,1,1,1596613862,1596615920,20,1,3,0,0,1,5
1,False,297,297,active,69,1,1,1,1596612933,1596615920,22,3,56,0,0,1,5
1,False,298,298,active,70,1,1,1,1596612713,1596615920,22,3,10,0,0,1,5
1,False,301,301,active,71,1,1,1,1596614711,1596615920,51,1,6,0,0,1,5
1,False,302,302,active,72,1,1,1,1596615408,1596615920,21,1,1,0,0,1,5
1,False,303,303,active,73,1,1,1,1596606868,1596615920,13,0,54,0,0,1,5
1,True,304,304,active,74,1,1,1,1596605584,1596615920,23,1,0,26,0,1,5
1,False,305,305,active,75,1,1,1,1596615033,1596615920,19,1,13,0,0,1,5
1,False,307,307,active,76,1,1,1,1596613779,1596615920,29,1,0,0,0,1,5
1,False,308,308,active,77,1,1,1,1596608046,1596615920,22,0,5,0,0,1,5
1,False,309,309,active,78,1,1,1,1596608034,1596615920,3,0,38,0,0,1,5
1,False,310,310,active,79,1,1,1,1596604518,1596615920,6,1,29,0,0,1,5
1,False,311,311,active,80,1,1,1,1596608334,1596615920,27,3,1,0,0,1,5
1,False,312,312,active,81,1,1,1,1596613394,1596615920,28,1,2,0,0,1,5
1,False,313,313,active,82,1,1,1,1596608574,1596615920,16,0,7,0,0,1,5
1,True,315,315,active,83,1,1,1,1596605699,1596615920,11,2,16,0,0,1,5
1,False,316,316,active,84,1,1,1,1596605738,1596615920,39,2,2,0,0,1,5
1,False,317,317,active,85,1,1,1,1596615628,1596615920,46,1,7,0,0,1,5
1,False,319,319,active,86,1,1,1,1596614025,1596615920,17,0,16,0,0,1,5
1,False,320,320,active,87,1,1,1,1596608063,1596615920,25,1,13,0,0,1,5
1,True,321,321,active,88,1,1,1,1596611455,1596615920,5,2,20,0,0,1,5
1,False,323,323,active,89,1,1,1,1596604477,1596615920,20,1,18,0,0,1,5
1,False,324,324,active,90,1,1,1,1596611873,1596615920,45,1,5,0,0,1,5
1,False,325,325,active,91,1,1,1,1596614074,1596615920,12,2,21,0,0,1,5
1,False,326,326,active,92,1,1,1,1596614997,1596615920,29,0,12,0,0,1,5
1,True,327,327,active,93,1,1,1,1596605701,1596615920,13,1,25,0,0,1,5
1,False,328,328,active,94,1,1,1,1596612802,1596615920,22,0,1,0,0,1,5
1,False,330,330,active,95,1,1,1,1596608022,1596615920,12,0,27,0,0,1,5
1,False,331,331,active,96,1,1,1,1596614506,1596615920,25,2,0,0,0,1,5
1,False,332,332,active,97,1,1,1,1596608795,1596615920,32,1,3,0,0,1,5
1,False,334,334,active,98,1,1,1,1596607856,1596615920,12,1,18,0,0,1,5
1,False,335,335,active,99,1,1,1,1596609436,1596615920,3,1,23,0,0,1,5
1,False,336,336,active,100,1,1,1,1596607270,1596615920,21,0,15,0,0,1,5
1,False,339,339,active,101,1,1,1,1596608094,1596615920,20,2,8,0,0,1,5
1,True,340,340,active,102,1,1,1,1596615665,1596615920,26,0,1,0,0,1,5
1,False,341,341,active,103,1,1,1,1596606856,1596615920,18,1,0,0,0,1,5
1,False,342,342,active,104,1,1,1,1596605691,1596615920,29,0,0,0,0,1,5
1,False,343,343,active,105,1,1,1,1596605919,1596615920,19,0,4,0,0,1,5
1,False,344,344,active,106,1,1,1,1596604452,1596615920,8,0,15,0,0,1,5
1,False,346,346,active,107,1,1,1,1596606906,1596615920,13,3,11,0,0,1,5
1,False,347,347,active,108,1,1,1,1596613590,1596615920,11,1,23,0,0,1,5
1,False,349,349,active,109,1,1,1,1596606297,1596615920,36,3,22,0,0,1,5
1,False,350,350,active,110,1,1,1,1596613944,1596615920,27,0,1,0,0,1,5
1,False,351,351,active,111,1,1,1,1596605624,1596615920,29,0,10,0,0,1,5
1,False,353,353,active,112,1,1,1,1596604370,1596615920,5,0,22,0,0,1,5
1,False,354,354,active,113,1,1,1,1596612767,1596615920,37,1,9,0,0,1,5
1,False,355,355,active,114,1,1,1,1596608086,1596615920,23,2,18,0,0,1,5
1,False,356,356,active,115,1,1,1,1596606953,1596615920,23,0,0,0,0,1,5
1,False,358,358,active,116,1,1,1,1596609769,1596615920,35,1,14,0,0,1,5
1,False,359,359,active,117,1,1,1,1596606867,1596615920,0,2,76,0,0,1,5
1,False,360,360,active,118,1,1,1,1596605666,1596615920,20,2,17,0,0,1,5
1,False,361,361,active,119,1,1,1,1596615853,1596615920,33,0,10,0,0,1,5
1,False,362,362,active,120,1,1,1,1596610575,1596615920,0,0,57,0,0,1,5
1,False,363,363,active,121,1,1,1,1596614993,1596615920,43,1,5,0,0,1,5
1,False,364,364,active,122,1,1,1,1596607766,1596615920,13,2,12,0,0,1,5
1,False,366,366,active,123,1,1,1,1596604455,1596615920,1,0,32,0,0,1,5
1,False,367,367,active,124,1,1,1,1596609971,1596615920,3,0,30,0,0,1,5
1,True,368,368,active,125,1,1,1,1596608866,1596615920,30,2,7,0,0,1,5
1,False,369,369,active,126,1,1,1,1596607314,1596615920,35,0,25,0,0,1,5
1,False,372,372,active,127,1,1,1,1596604380,1596615920,16,0,11,0,0,1,5
1,False,373,373,active,128,1,1,1,1596604322,1596615920,15,0,4,0,0,1,5
1,False,376,376,active,129,1,1,1,1596615805,1596615920,20,0,23,0,0,1,5
1,False,377,377,active,130,1,1,1,1596605580,1596615920,36,3,9,0,0,1,5
1,False,379,379,active,131,1,1,1,1596614043,1596615920,1,0,40,1,0,1,5
1,False,380,380,active,132,1,1,1,1596609143,1596615920,34,1,7,0,0,1,5
1,False,383,383,active,133,1,1,1,1596606876,1596615920,8,0,31,0,0,1,5
1,False,385,385,active,134,1,1,1,1596613256,1596615920,8,1,20,0,0,1,5
1,False,386,386,active,135,1,1,1,1596608975,1596615920,11,0,32,0,0,1,5
1,True,387,387,active,136,1,1,1,1596605581,1596615920,15,0,24,0,0,1,5
1,False,388,388,active,137,1,1,1,1596609335,1596615920,1,1,33,0,0,1,5
1,False,389,389,active,138,1,1,1,1596609388,1596615920,27,0,0,0,0,1,5
1,False,390,390,active,139,1,1,1,1596604488,1596615920,17,1,13,0,0,1,5
1,False,391,391,active,140,1,1,1,1596610718,1596615920,13,0,18,0,1,1,5
1,False,392,392,active,141,1,1,1,1596604382,1596615920,27,2,6,0,0,1,5
1,False,393,393,active,142,1,1,1,1596615686,1596615920,16,1,20,0,0,1,5
1,False,394,394,active,143,1,1,1,1596609531,1596615920,22,2,10,0,0,1,5
1,False,396,396,active,144,1,1,1,1596604484,1596615920,3,0,22,0,0,1,5
1,False,397,397,active,145,1,1,1,1596604423,1596615920,2,0,25,0,0,1,5
1,False,398,398,active,146,1,1,1,1596611281,1596615920,20,0,11,0,1,1,5
1,False,399,399,active,147,1,1,1,1596608496,1596615920,8,0,19,0,2,1,5
1,False,400,400,active,148,1,1,1,1596605752,1596615920,12,2,1,0,0,1,5
1,False,401,401,active,149,1,1,1,1596612005,1596615920,15,1,26,0,0,1,5
1,False,402,402,active,150,1,1,1,1596614236,1596615920,5,0,34,0,1,1,5
1,False,403,403,active,151,1,1,1,1596605596,1596615920,3,1,27,0,0,1,5
1,False,405,405,active,152,1,1,1,1596609928,1596615920,29,0,22,0,0,1,5
1,False,406,406,out_of_service,153,0,0,0,86400,1596615920,0,0,0,0,0,1,5
1,False,408,408,active,154,1,1,1,1596605695,1596615920,22,1,0,0,0,1,5
1,False,410,410,active,155,1,1,1,1596605522,1596615920,43,0,2,0,0,1,5
1,False,411,411,active,156,1,1,1,1596615570,1596615920,12,0,19,0,0,1,5
1,False,412,412,active,157,1,1,1,1596605624,1596615920,18,2,9,0,0,1,5
1,False,415,415,active,158,1,1,1,1596606182,1596615920,18,1,27,0,0,1,5
1,False,416,416,active,159,1,1,1,1596604344,1596615920,9,0,22,0,1,1,5
1,False,417,417,active,160,1,1,1,1596613452,1596615920,18,0,7,0,0,1,5
1,False,418,418,active,161,1,1,1,1596604747,1596615920,21,0,2,0,0,1,5
1,False,419,419,active,162,1,1,1,1596615305,1596615920,6,0,17,0,0,1,5
1,False,420,420,active,163,1,1,1,1596607366,1596615920,3,0,20,0,0,1,5
1,False,421,421,out_of_service,164,0,0,0,86400,1596615920,0,0,0,0,0,1,5
1,False,422,422,active,165,1,1,1,1596614639,1596615920,50,4,24,0,0,1,5
1,False,423,423,active,166,1,1,1,1596607936,1596615920,8,1,18,0,0,1,5
1,True,426,426,active,167,1,1,1,1596612573,1596615920,0,5,24,1,0,1,5
1,False,427,427,active,168,1,1,1,1596606002,1596615920,37,1,9,0,0,1,5
1,False,432,432,active,169,1,1,1,1596614062,1596615920,27,0,4,0,0,1,5
1,False,434,434,active,170,1,1,1,1596611730,1596615920,53,0,7,0,0,1,5
1,False,435,435,active,171,1,1,1,1596605541,1596615920,2,2,46,0,0,1,5
1,False,436,436,active,172,1,1,1,1596614818,1596615920,11,0,16,0,0,1,5
1,False,437,437,active,173,1,1,1,1596604418,1596615920,8,0,16,0,1,1,5
1,False,438,438,active,174,1,1,1,1596610972,1596615920,37,0,10,0,0,1,5
1,False,439,439,active,175,1,1,1,1596615370,1596615920,35,1,3,0,0,1,5
1,False,440,440,active,176,1,1,1,1596610675,1596615920,5,1,26,0,0,1,5
1,False,442,442,active,177,1,1,1,1596614707,1596615920,0,0,51,0,0,1,5
1,False,443,443,active,178,1,1,1,1596613310,1596615920,10,2,11,0,0,1,5
1,False,445,445,active,179,1,1,1,1596608135,1596615920,44,0,36,0,0,1,5
1,False,446,446,active,180,1,1,1,1596610899,1596615920,8,1,70,0,0,1,5
1,False,447,447,active,181,1,1,1,1596612493,1596615920,13,2,16,0,1,1,5
1,False,448,448,active,182,1,1,1,1596615199,1596615920,21,1,5,0,0,1,5
1,False,450,450,active,183,1,1,1,1596609922,1596615920,39,5,23,0,0,1,5
1,False,453,453,active,184,1,1,1,1596606809,1596615920,30,1,35,0,0,1,5
1,False,454,454,active,185,1,1,1,1596606733,1596615920,23,2,10,0,0,1,5
1,False,455,455,active,186,1,1,1,1596606812,1596615920,11,1,47,0,0,1,5
1,False,456,456,active,187,1,1,1,1596614146,1596615920,0,0,34,0,0,1,5
1,False,458,458,active,188,1,1,1,1596610661,1596615920,6,0,25,0,0,1,5
1,True,459,459,active,189,1,1,1,1596606721,1596615920,9,1,37,2,0,1,5
1,False,460,460,active,190,1,1,1,1596604532,1596615920,22,0,3,0,0,1,5
1,False,461,461,active,191,1,1,1,1596615774,1596615920,11,0,45,0,0,1,5
1,False,462,462,active,192,1,1,1,1596609249,1596615920,27,1,19,0,0,1,5
1,False,464,464,active,193,1,1,1,1596606929,1596615920,19,0,34,0,0,1,5
1,False,465,465,active,194,1,1,1,1596608346,1596615920,0,3,36,0,0,1,5
1,False,466,466,active,195,1,1,1,1596614140,1596615920,13,1,13,8,0,1,5
1,False,467,467,active,196,1,1,1,1596605651,1596615920,31,0,3,0,0,1,5
1,False,468,468,active,197,1,1,1,1596613794,1596615920,1,2,62,0,0,1,5
1,False,469,469,active,198,1,1,1,1596615900,1596615920,0,16,0,41,0,1,5
1,False,470,470,active,199,1,1,1,1596610899,1596615920,31,2,39,0,0,1,5
1,False,471,471,active,200,1,1,1,1596615351,1596615920,26,1,4,0,0,1,5
1,False,472,472,active,201,1,1,1,1596615190,1596615920,2,0,53,0,0,1,5
1,False,473,473,active,202,1,1,1,1596615563,1596615920,34,0,16,0,0,1,5
1,False,474,474,active,203,1,1,1,1596609773,1596615920,9,2,45,0,0,1,5
1,False,476,476,active,204,1,1,1,1596607160,1596615920,28,0,19,0,0,1,5
1,False,477,477,active,205,1,1,1,1596613681,1596615920,22,1,48,0,0,1,5
1,False,478,478,active,206,1,1,1,1596610060,1596615920,17,0,20,0,0,1,5
1,False,479,479,active,207,1,1,1,1596615545,1596615920,6,2,23,0,0,1,5
1,False,480,480,active,208,1,1,1,1596615083,1596615920,10,1,18,0,1,1,5
1,False,481,481,active,209,1,1,1,1596604947,1596615920,18,0,7,0,0,1,5
1,False,482,482,active,210,1,1,1,1596615600,1596615920,19,2,58,0,0,1,5
1,False,483,483,active,211,1,1,1,1596614379,1596615920,7,0,27,0,0,1,5
1,False,484,484,active,212,1,1,1,1596609381,1596615920,4,2,40,0,0,1,5
1,False,485,485,active,213,1,1,1,1596599261,1596615920,0,0,40,0,0,1,5
1,False,486,486,active,214,1,1,1,1596613352,1596615920,0,0,41,0,0,1,5
1,False,487,487,active,215,1,1,1,1596606938,1596615920,21,0,14,0,0,1,5
1,False,489,489,active,216,1,1,1,1596610315,1596615920,9,1,39,0,1,1,5
1,False,490,490,active,217,1,1,1,1596609778,1596615920,11,1,54,0,0,1,5
1,False,491,491,out_of_service,218,0,0,0,86400,1596615920,0,0,0,0,0,1,5
1,False,492,492,active,219,1,1,1,1596609345,1596615920,17,3,48,0,0,1,5
1,False,493,493,active,220,1,1,1,1596612933,1596615920,5,2,27,0,0,1,5
1,False,494,494,active,221,1,1,1,1596611667,1596615920,15,0,51,0,0,1,5
1,False,495,495,active,222,1,1,1,1596611647,1596615920,22,2,15,0,0,1,5
1,False,496,496,active,223,1,1,1,1596613722,1596615920,3,0,62,0,0,1,5
1,True,497,497,active,224,1,1,1,1596615250,1596615920,9,2,55,0,0,1,5
1,True,499,499,active,225,1,1,1,1596613710,1596615920,29,2,5,0,0,1,5
1,False,500,500,active,226,1,1,1,1596608797,1596615920,3,0,49,0,0,1,5
1,False,501,501,active,227,1,1,1,1596606819,1596615920,36,3,40,0,0,1,5
1,False,502,502,active,228,1,1,1,1596613653,1596615920,33,2,1,0,0,1,5
1,False,503,503,active,229,1,1,1,1596611580,1596615920,19,0,12,0,0,1,5
1,False,504,504,active,230,1,1,1,1596614785,1596615920,28,1,25,0,0,1,5
1,False,505,505,active,231,1,1,1,1596615336,1596615920,2,0,50,0,0,1,5
1,False,507,507,active,232,1,1,1,1596614190,1596615920,26,3,16,0,0,1,5
1,False,508,508,active,233,1,1,1,1596612564,1596615920,10,3,11,1,1,1,5
1,False,509,509,active,234,1,1,1,1596605555,1596615920,41,1,19,0,0,1,5
1,False,513,513,active,235,1,1,1,1596614070,1596615920,3,5,21,0,1,1,5
1,False,514,514,active,236,1,1,1,1596610572,1596615920,36,2,14,0,0,1,5
1,False,515,515,active,237,1,1,1,1596611675,1596615920,28,1,50,0,1,1,5
1,False,516,516,active,238,1,1,1,1596606863,1596615920,6,2,23,0,0,1,5
1,False,517,517,active,239,1,1,1,1596605553,1596615920,0,2,67,0,0,1,5
1,False,518,518,active,240,1,1,1,1596611869,1596615920,20,2,17,0,0,1,5
1,False,519,519,active,241,1,1,1,1596610472,1596615920,1,1,67,0,0,1,5
1,False,522,522,active,242,1,1,1,1596613480,1596615920,0,0,51,0,0,1,5
1,False,525,525,active,243,1,1,1,1596606948,1596615920,4,1,51,0,0,1,5
1,False,526,526,active,244,1,1,1,1596614065,1596615920,1,0,39,0,0,1,5
1,False,528,528,active,245,1,1,1,1596613882,1596615920,12,0,27,0,0,1,5
1,False,529,529,active,246,1,1,1,1596609926,1596615920,19,1,21,0,0,1,5
1,False,530,530,active,247,1,1,1,1596608067,1596615920,23,0,1,0,0,1,5
1,False,531,531,active,248,1,1,1,1596613135,1596615920,31,0,8,0,0,1,5
1,False,532,532,active,249,1,1,1,1596610350,1596615920,31,1,11,0,0,1,5
1,False,533,533,active,250,1,1,1,1596608116,1596615920,0,0,46,0,0,1,5
1,False,534,534,active,251,1,1,1,1596605576,1596615920,14,4,13,0,0,1,5
1,False,536,536,active,252,1,1,1,1596615127,1596615920,1,0,27,0,0,1,5
1,False,539,539,active,253,1,1,1,1596611508,1596615920,21,0,10,0,0,1,5
1,False,540,540,active,254,1,1,1,1596608452,1596615920,5,1,40,0,0,1,5
1,False,545,545,active,255,1,1,1,1596606868,1596615920,7,3,17,0,0,1,5
1,False,546,546,active,256,1,1,1,1596612943,1596615920,3,0,42,0,0,1,5
1,False,2000,2000,active,257,1,1,1,1596609480,1596615920,28,1,1,0,1,1,5
1,False,2002,2002,active,258,1,1,1,1596604334,1596615920,21,0,6,0,0,1,5
1,False,2003,2003,active,259,1,1,1,1596608363,1596615920,20,1,33,0,0,1,5
1,False,2005,2005,active,260,1,1,1,1596604360,1596615920,6,1,5,0,0,1,5
1,True,2006,2006,active,261,1,1,1,1596605724,1596615920,0,3,46,0,0,1,5
1,False,2008,2008,active,262,1,1,1,1596608976,1596615920,17,4,3,0,0,1,5
1,False,2009,2009,active,263,1,1,1,1596613604,1596615920,13,2,20,0,0,1,5
1,False,2010,2010,active,264,1,1,1,1596615549,1596615920,3,2,34,0,0,1,5
1,False,2012,2012,active,265,1,1,1,1596614061,1596615920,4,0,31,0,0,1,5
1,False,2017,2017,active,266,1,1,1,1596606721,1596615920,15,2,22,0,0,1,5
1,False,2021,2021,active,267,1,1,1,1596606938,1596615920,1,1,62,1,0,1,5
1,False,2022,2022,active,268,1,1,1,1596606796,1596615920,4,0,29,0,0,1,5
1,False,3016,3016,active,269,1,1,1,1596615752,1596615920,47,0,7,0,0,1,5
1,False,3041,3041,active,270,1,1,1,1596612250,1596615920,19,0,5,0,5,1,5
1,False,3042,3042,active,271,1,1,1,1596611306,1596615920,16,2,1,0,3,1,5
1,False,3043,3043,active,272,1,1,1,1596609149,1596615920,9,0,10,0,0,1,5
1,False,3044,3044,active,273,1,1,1,1596611688,1596615920,21,1,5,0,1,1,5
1,False,3046,3046,active,274,1,1,1,1596612725,1596615920,14,0,5,0,1,1,5
1,False,3047,3047,active,275,1,1,1,1596609281,1596615920,18,1,2,0,0,1,5
1,False,3048,3048,active,276,1,1,1,1596615126,1596615920,10,1,8,0,2,1,5
1,False,3049,3049,active,277,1,1,1,1596609189,1596615920,4,0,14,0,0,1,5
1,False,3050,3050,active,278,1,1,1,1596609252,1596615920,4,0,17,0,0,1,5
1,False,3052,3052,active,279,1,1,1,1596609360,1596615920,11,0,12,0,0,1,5
1,False,3053,3053,active,280,1,1,1,1596614040,1596615920,12,0,11,0,2,1,5
1,False,3054,3054,active,281,1,1,1,1596614488,1596615920,10,0,9,0,1,1,5
1,False,3055,3055,active,282,1,1,1,1596610099,1596615920,8,0,15,0,1,1,5
1,False,3056,3056,active,283,1,1,1,1596614554,1596615920,10,1,12,0,0,1,5
1,False,3057,3057,active,284,1,1,1,1596609159,1596615920,15,2,1,0,0,1,5
1,False,3058,3058,active,285,1,1,1,1596609174,1596615920,9,1,14,0,0,1,5
1,False,3059,3059,active,286,1,1,1,1596609296,1596615920,16,0,3,0,1,1,5
1,False,3060,3060,active,287,1,1,1,1596608777,1596615920,17,0,2,0,0,1,5
1,False,3061,3061,active,288,1,1,1,1596611079,1596615920,8,1,12,0,0,1,5
1,False,3062,3062,active,289,1,1,1,1596608136,1596615920,21,1,1,0,0,1,5
1,False,3063,3063,active,290,1,1,1,1596610853,1596615920,17,0,3,0,0,1,5
1,False,3064,3064,active,291,1,1,1,1596615138,1596615920,3,0,20,0,1,1,5
1,False,3065,3065,active,292,1,1,1,1596608030,1596615920,18,0,13,0,0,1,5
1,False,3066,3066,active,293,1,1,1,1596609251,1596615920,14,0,5,0,0,1,5
1,False,3067,3067,active,294,1,1,1,1596614234,1596615920,25,1,1,0,1,1,5
1,False,3068,3068,active,295,1,1,1,1596607941,1596615920,23,0,19,0,0,1,5
1,False,3069,3069,active,296,1,1,1,1596608111,1596615920,12,0,17,0,0,1,5
1,False,3070,3070,active,297,1,1,1,1596608093,1596615920,18,0,5,0,0,1,5
1,False,3071,3071,active,298,1,1,1,1596608101,1596615920,12,0,7,0,0,1,5
1,False,3072,3072,active,299,1,1,1,1596608667,1596615920,22,0,2,0,0,1,5
1,False,3074,3074,active,300,1,1,1,1596609762,1596615920,11,3,28,0,0,1,5
1,False,3075,3075,active,301,1,1,1,1596608008,1596615920,8,0,25,0,0,1,5
1,False,3076,3076,active,302,1,1,1,1596608182,1596615920,26,2,8,0,0,1,5
1,False,3077,3077,active,303,1,1,1,1596611366,1596615920,10,1,21,0,0,1,5
1,False,3078,3078,active,304,1,1,1,1596612454,1596615920,24,0,3,0,0,1,5
1,False,3080,3080,active,305,1,1,1,1596610565,1596615920,9,0,12,0,0,1,5
1,False,3081,3081,active,306,1,1,1,1596610810,1596615920,3,2,24,0,0,1,5
1,False,3082,3082,active,307,1,1,1,1596609373,1596615920,22,0,3,0,0,1,5
1,False,3083,3083,active,308,1,1,1,1596607965,1596615920,6,0,26,0,0,1,5
1,False,3085,3085,active,309,1,1,1,1596611069,1596615920,21,0,4,0,0,1,5
1,False,3086,3086,active,310,1,1,1,1596609173,1596615920,8,0,22,0,0,1,5
1,False,3087,3087,active,311,1,1,1,1596614862,1596615920,8,0,22,0,0,1,5
1,False,3088,3088,active,312,1,1,1,1596609572,1596615920,14,0,5,0,0,1,5
1,False,3092,3092,active,313,1,1,1,1596607991,1596615920,27,0,0,0,0,1,5
1,False,3093,3093,active,314,1,1,1,1596610007,1596615920,18,2,8,0,0,1,5
1,False,3094,3094,active,315,1,1,1,1596608139,1596615920,10,0,8,0,1,1,5
1,False,3095,3095,active,316,1,1,1,1596609937,1596615920,11,0,15,0,0,1,5
1,False,3096,3096,active,317,1,1,1,1596615541,1596615920,19,1,19,0,0,1,5
1,False,3100,3100,active,318,1,1,1,1596610393,1596615920,22,0,29,0,0,1,5
1,False,3101,3101,active,319,1,1,1,1596608165,1596615920,13,0,14,0,0,1,5
1,False,3102,3102,active,320,1,1,1,1596610988,1596615920,23,2,2,0,0,1,5
1,False,3105,3105,active,321,1,1,1,1596609157,1596615920,21,0,3,0,0,1,5
1,False,3106,3106,active,322,1,1,1,1596608075,1596615920,6,1,15,0,0,1,5
1,False,3107,3107,active,323,1,1,1,1596615856,1596615920,27,0,12,0,0,1,5
1,False,3108,3108,active,324,1,1,1,1596609535,1596615920,15,1,35,0,0,1,5
1,False,3109,3109,active,325,1,1,1,1596607929,1596615920,26,1,4,0,0,1,5
1,False,3110,3110,active,326,1,1,1,1596608035,1596615920,16,0,12,0,0,1,5
1,False,3112,3112,active,327,1,1,1,1596611257,1596615920,22,1,10,0,0,1,5
1,False,3113,3113,active,328,1,1,1,1596609368,1596615920,10,0,17,0,0,1,5
1,False,3115,3115,active,329,1,1,1,1596608127,1596615920,48,2,0,0,0,1,5
1,False,3116,3116,active,330,1,1,1,1596610431,1596615920,34,0,1,0,0,1,5
1,False,3117,3117,active,331,1,1,1,1596608144,1596615920,21,1,5,0,0,1,5
1,False,3118,3118,active,332,1,1,1,1596611764,1596615920,12,0,30,0,0,1,5
1,False,3119,3119,active,333,1,1,1,1596607954,1596615920,12,0,33,0,0,1,5
1,False,3121,3121,active,334,1,1,1,1596607964,1596615920,6,0,21,0,0,1,5
1,False,3122,3122,active,335,1,1,1,1596610390,1596615920,46,1,32,0,0,1,5
1,False,3123,3123,active,336,1,1,1,1596607960,1596615920,26,0,1,0,1,1,5
1,False,3124,3124,active,337,1,1,1,1596609189,1596615920,20,1,6,0,1,1,5
1,False,3125,3125,active,338,1,1,1,1596608085,1596615920,7,0,16,0,0,1,5
1,False,3126,3126,active,339,1,1,1,1596608158,1596615920,28,0,6,0,0,1,5
1,False,3127,3127,active,340,1,1,1,1596608047,1596615920,5,0,30,0,0,1,5
1,False,3128,3128,active,341,1,1,1,1596609331,1596615920,0,0,23,0,0,1,5
1,True,3129,3129,active,342,1,1,1,1596609702,1596615920,10,0,20,1,0,1,5
1,False,3130,3130,active,343,1,1,1,1596615378,1596615920,3,0,28,0,0,1,5
1,False,3131,3131,active,344,1,1,1,1596615159,1596615920,5,0,26,0,0,1,5
1,False,3132,3132,active,345,1,1,1,1596609246,1596615920,2,1,32,0,0,1,5
1,False,3134,3134,active,346,1,1,1,1596612435,1596615920,27,2,22,0,1,1,5
1,False,3135,3135,active,347,1,1,1,1596609275,1596615920,9,0,32,0,0,1,5
1,False,3136,3136,active,348,1,1,1,1596609275,1596615920,0,2,45,0,0,1,5
1,True,3137,3137,active,349,1,1,1,1596610574,1596615920,0,2,29,0,0,1,5
1,False,3139,3139,active,350,1,1,1,1596609150,1596615920,0,1,42,0,0,1,5
1,False,3140,3140,active,351,1,1,1,1596613981,1596615920,53,0,2,0,1,1,5
1,False,3141,3141,active,352,1,1,1,1596609354,1596615920,6,3,16,33,0,1,5
1,False,3142,3142,active,353,1,1,1,1596609261,1596615920,9,1,31,0,0,1,5
1,False,3143,3143,active,354,1,1,1,1596610436,1596615920,16,0,31,0,0,1,5
1,False,3144,3144,active,355,1,1,1,1596609253,1596615920,23,1,22,0,0,1,5
1,False,3145,3145,active,356,1,1,1,1596609294,1596615920,19,0,26,0,0,1,5
1,False,3146,3146,active,357,1,1,1,1596609303,1596615920,12,2,33,0,0,1,5
1,False,3147,3147,active,358,1,1,1,1596612298,1596615920,14,1,24,0,0,1,5
1,False,3148,3148,active,359,1,1,1,1596614031,1596615920,28,1,2,0,0,1,5
1,False,3150,3150,active,360,1,1,1,1596609361,1596615920,20,1,26,0,0,1,5
1,False,3151,3151,active,361,1,1,1,1596610497,1596615920,38,0,5,0,0,1,5
1,False,3152,3152,active,362,1,1,1,1596610410,1596615920,32,0,10,0,0,1,5
1,False,3154,3154,active,363,1,1,1,1596613492,1596615920,2,1,28,0,1,1,5
1,False,3156,3156,active,364,1,1,1,1596609351,1596615920,10,2,25,0,0,1,5
1,False,3157,3157,active,365,1,1,1,1596610400,1596615920,12,0,15,0,0,1,5
1,False,3158,3158,active,366,1,1,1,1596609254,1596615920,11,3,17,0,0,1,5
1,False,3159,3159,active,367,1,1,1,1596609297,1596615920,16,5,10,0,0,1,5
1,True,3160,3160,active,368,1,1,1,1596609610,1596615920,12,1,26,0,0,1,5
1,False,3161,3161,active,369,1,1,1,1596610387,1596615920,37,2,20,0,0,1,5
1,True,3163,3163,active,370,1,1,1,1596609141,1596615920,10,1,32,0,0,1,5
1,False,3164,3164,active,371,1,1,1,1596609238,1596615920,54,3,10,0,0,1,5
1,True,3165,3165,active,372,1,1,1,1596609226,1596615920,8,2,41,0,0,1,5
1,False,3166,3166,active,373,1,1,1,1596609339,1596615920,35,1,5,0,0,1,5
1,False,3167,3167,active,374,1,1,1,1596612748,1596615920,11,1,43,0,0,1,5
1,False,3168,3168,out_of_service,375,0,0,0,86400,1596615920,0,0,0,0,0,1,5
1,False,3169,3169,active,376,1,1,1,1596609361,1596615920,19,0,20,0,0,1,5
1,False,3170,3170,active,377,1,1,1,1596615417,1596615920,14,1,20,0,0,1,5
1,False,3171,3171,active,378,1,1,1,1596613545,1596615920,38,0,1,0,0,1,5
1,False,3172,3172,active,379,1,1,1,1596609153,1596615920,12,1,14,0,0,1,5
1,False,3173,3173,active,380,1,1,1,1596610422,1596615920,31,1,7,0,0,1,5
1,False,3175,3175,active,381,1,1,1,1596612331,1596615920,13,0,18,0,0,1,5
1,False,3177,3177,active,382,1,1,1,1596609325,1596615920,26,2,35,0,0,1,5
1,False,3178,3178,active,383,1,1,1,1596609256,1596615920,32,2,5,0,0,1,5
1,False,3179,3179,active,384,1,1,1,1596611384,1596615920,18,1,3,1,0,1,5
1,False,3182,3182,active,385,1,1,1,1596614187,1596615920,31,1,10,0,0,1,5
1,False,3184,3184,active,386,1,1,1,1596609261,1596615920,10,2,2,0,0,1,5
1,False,3185,3185,active,387,1,1,1,1596609268,1596615920,13,0,9,0,0,1,5
1,False,3186,3186,active,388,1,1,1,1596611733,1596615920,19,1,22,0,0,1,5
1,False,3187,3187,active,389,1,1,1,1596609310,1596615920,14,1,7,0,0,1,5
1,False,3191,3191,active,390,1,1,1,1596609218,1596615920,16,1,1,0,0,1,5
1,False,3192,3192,active,391,1,1,1,1596609326,1596615920,22,0,0,0,0,1,5
1,False,3193,3193,active,392,1,1,1,1596614072,1596615920,12,2,4,0,0,1,5
1,False,3194,3194,active,393,1,1,1,1596613225,1596615920,19,0,3,0,0,1,5
1,False,3195,3195,active,394,1,1,1,1596609853,1596615920,0,0,34,0,0,1,5
1,False,3196,3196,active,395,1,1,1,1596609308,1596615920,1,0,17,0,0,1,5
1,False,3198,3198,active,396,1,1,1,1596609199,1596615920,0,1,17,0,0,1,5
1,False,3199,3199,active,397,1,1,1,1596609322,1596615920,13,0,1,0,0,1,5
1,False,3201,3201,active,398,1,1,1,1596609225,1596615920,3,0,15,0,0,1,5
1,False,3202,3202,active,399,1,1,1,1596609136,1596615920,7,0,11,0,0,1,5
1,False,3203,3203,active,400,1,1,1,1596613928,1596615920,19,0,7,0,0,1,5
1,False,3205,3205,active,401,1,1,1,1596609228,1596615920,9,1,12,0,0,1,5
1,False,3206,3206,active,402,1,1,1,1596609258,1596615920,2,1,23,0,0,1,5
1,False,3207,3207,active,403,1,1,1,1596609305,1596615920,14,1,11,0,0,1,5
1,False,3209,3209,active,404,1,1,1,1596609363,1596615920,14,0,8,0,0,1,5
1,False,3210,3210,active,405,1,1,1,1596612063,1596615920,3,1,14,0,0,1,5
1,False,3211,3211,active,406,1,1,1,1596609352,1596615920,2,0,20,0,0,1,5
1,False,3212,3212,active,407,1,1,1,1596611400,1596615920,2,0,20,0,0,1,5
1,False,3213,3213,active,408,1,1,1,1596609217,1596615920,19,0,3,0,0,1,5
1,False,3214,3214,active,409,1,1,1,1596609165,1596615920,18,0,4,0,0,1,5
1,False,3220,3220,active,410,1,1,1,1596609263,1596615920,5,0,13,0,0,1,5
1,False,3221,3221,active,411,1,1,1,1596615606,1596615920,19,2,6,0,1,1,5
1,False,3225,3225,active,412,1,1,1,1596609283,1596615920,5,0,9,0,0,1,5
1,True,3226,3226,out_of_service,413,0,0,0,86400,1596615920,0,0,0,0,0,1,5
1,False,3231,3231,active,414,1,1,1,1596609138,1596615920,8,0,31,0,0,1,5
1,False,3232,3232,active,415,1,1,1,1596604502,1596615920,20,2,9,0,0,1,5
1,False,3233,3233,active,416,1,1,1,1596610691,1596615920,0,1,38,0,0,1,5
1,False,3235,3235,active,417,1,1,1,1596615840,1596615920,1,0,33,0,0,1,5
1,False,3236,3236,active,418,1,1,1,1596615170,1596615920,13,1,19,0,0,1,5
1,False,3241,3241,active,419,1,1,1,1596610403,1596615920,17,0,2,0,1,1,5
1,False,3242,3242,active,420,1,1,1,1596604484,1596615920,6,2,31,0,0,1,5
1,False,3243,3243,active,421,1,1,1,1596610530,1596615920,11,0,18,0,0,1,5
1,False,3244,3244,active,422,1,1,1,1596606791,1596615920,11,0,31,0,0,1,5
1,False,3246,3246,active,423,1,1,1,1596604492,1596615920,0,0,39,0,0,1,5
1,False,3249,3249,active,424,1,1,1,1596613331,1596615920,12,1,6,0,1,1,5
1,False,3254,3254,active,425,1,1,1,1596606782,1596615920,25,1,3,0,0,1,5
1,False,3255,3255,active,426,1,1,1,1596610497,1596615920,13,1,4,0,0,1,5
1,False,3256,3256,active,427,1,1,1,1596610354,1596615920,0,1,22,0,0,1,5
1,False,3259,3259,active,428,1,1,1,1596615811,1596615920,4,0,23,0,0,1,5
1,False,3260,3260,active,429,1,1,1,1596605599,1596615920,11,0,34,0,0,1,5
1,False,3263,3263,active,430,1,1,1,1596611417,1596615920,11,2,46,0,0,1,5
1,False,3267,3267,active,431,1,1,1,1596610482,1596615920,8,0,6,0,0,1,5
1,False,3268,3268,active,432,1,1,1,1596610550,1596615920,7,0,7,0,0,1,5
1,False,3269,3269,active,433,1,1,1,1596611668,1596615920,9,0,5,0,0,1,5
1,False,3270,3270,active,434,1,1,1,1596610408,1596615920,8,0,6,0,0,1,5
1,False,3272,3272,active,435,1,1,1,1596610399,1596615920,5,0,9,0,0,1,5
1,False,3273,3273,active,436,1,1,1,1596610435,1596615920,6,0,12,0,0,1,5
1,False,3275,3275,active,437,1,1,1,1596610455,1596615920,4,0,10,0,0,1,5
1,False,3276,3276,active,438,1,1,1,1596610433,1596615920,25,0,1,0,0,1,5
1,False,3277,3277,active,439,1,1,1,1596611670,1596615920,12,0,2,0,0,1,5
1,False,3278,3278,active,440,1,1,1,1596610421,1596615920,5,0,9,0,0,1,5
1,False,3279,3279,active,441,1,1,1,1596610471,1596615920,7,0,11,0,0,1,5
1,False,3280,3280,active,442,1,1,1,1596611668,1596615920,11,0,3,0,0,1,5
1,False,3281,3281,active,443,1,1,1,1596610403,1596615920,2,0,12,0,0,1,5
1,True,3282,3282,active,444,1,1,1,1596610445,1596615920,1,1,36,0,0,1,5
1,False,3283,3283,active,445,1,1,1,1596612809,1596615920,44,0,3,0,0,1,5
1,False,3284,3284,active,446,1,1,1,1596611020,1596615920,2,0,36,0,0,1,5
1,False,3285,3285,active,447,1,1,1,1596610498,1596615920,9,0,34,0,0,1,5
1,False,3286,3286,active,448,1,1,1,1596615813,1596615920,7,0,32,0,0,1,5
1,False,3287,3287,active,449,1,1,1,1596608057,1596615920,39,0,8,0,0,1,5
1,False,3288,3288,active,450,1,1,1,1596615323,1596615920,34,0,5,0,1,1,5
1,False,3289,3289,active,451,1,1,1,1596615634,1596615920,27,1,4,0,0,1,5
1,False,3290,3290,active,452,1,0,0,1596614435,1596615920,34,0,1,0,1,1,5
1,False,3292,3292,active,453,1,1,1,1596610423,1596615920,3,0,39,0,0,1,5
1,False,3293,3293,active,454,1,1,1,1596611759,1596615920,13,2,9,0,0,1,5
1,True,3294,3294,active,455,1,1,1,1596610381,1596615920,1,0,37,0,0,1,5
1,True,3295,3295,active,456,1,1,1,1596610974,1596615920,24,1,34,0,0,1,5
1,True,3296,3296,active,457,1,1,1,1596615601,1596615920,19,1,22,0,0,1,5
1,False,3297,3297,active,458,1,1,1,1596611668,1596615920,0,1,20,0,0,1,5
1,False,3298,3298,active,459,1,1,1,1596611613,1596615920,19,0,4,0,0,1,5
1,False,3299,3299,active,460,1,1,1,1596614317,1596615920,1,2,22,0,0,1,5
1,False,3300,3300,active,461,1,1,1,1596611583,1596615920,0,1,24,0,0,1,5
1,False,3301,3301,active,462,1,1,1,1596604574,1596615920,17,2,20,0,0,1,5
1,False,3302,3302,active,463,1,1,1,1596610409,1596615920,21,0,1,0,0,1,5
1,False,3303,3303,active,464,1,1,1,1596610503,1596615920,18,2,5,0,0,1,5
1,False,3304,3304,active,465,1,1,1,1596611655,1596615920,11,0,16,0,0,1,5
1,False,3305,3305,active,466,1,1,1,1596610518,1596615920,22,1,16,0,0,1,5
1,False,3306,3306,active,467,1,1,1,1596611742,1596615920,2,0,21,0,0,1,5
1,False,3307,3307,active,468,1,1,1,1596610540,1596615920,22,0,9,0,0,1,5
1,False,3308,3308,active,469,1,1,1,1596611599,1596615920,19,1,7,0,0,1,5
1,False,3309,3309,active,470,1,1,1,1596610343,1596615920,6,1,23,0,0,1,5
1,False,3310,3310,active,471,1,1,1,1596611670,1596615920,5,2,17,0,0,1,5
1,False,3311,3311,active,472,1,1,1,1596610510,1596615920,14,1,6,0,0,1,5
1,False,3312,3312,active,473,1,1,1,1596615607,1596615920,36,2,0,0,0,1,5
1,False,3313,3313,active,474,1,1,1,1596611668,1596615920,19,0,10,0,0,1,5
1,False,3314,3314,active,475,1,1,1,1596613289,1596615920,19,4,9,0,1,1,5
1,False,3315,3315,active,476,1,1,1,1596611670,1596615920,22,0,1,0,0,1,5
1,False,3317,3317,active,477,1,1,1,1596611554,1596615920,22,1,1,0,0,1,5
1,False,3318,3318,active,478,1,1,1,1596611668,1596615920,21,1,17,0,0,1,5
1,False,3319,3319,active,479,1,1,1,1596611668,1596615920,18,1,2,0,1,1,5
1,True,3320,3320,active,480,1,1,1,1596612586,1596615920,42,1,6,0,0,1,5
1,False,3321,3321,active,481,1,1,1,1596611671,1596615920,16,0,9,0,0,1,5
1,False,3322,3322,active,482,1,1,1,1596611671,1596615920,14,1,10,0,1,1,5
1,True,3323,3323,active,483,1,1,1,1596610551,1596615920,39,4,16,0,0,1,5
1,False,3324,3324,active,484,1,1,1,1596611732,1596615920,15,0,10,0,0,1,5
1,False,3325,3325,active,485,1,1,1,1596610349,1596615920,8,2,21,0,0,1,5
1,False,3326,3326,active,486,1,1,1,1596611672,1596615920,20,0,1,0,0,1,5
1,False,3327,3327,active,487,1,1,1,1596610397,1596615920,10,1,16,0,0,1,5
1,False,3328,3328,active,488,1,1,1,1596614933,1596615920,17,3,19,0,1,1,5
1,False,3329,3329,active,489,1,1,1,1596614077,1596615920,15,0,12,0,0,1,5
1,False,3330,3330,active,490,1,1,1,1596611576,1596615920,12,0,7,0,0,1,5
1,True,3331,3331,active,491,1,1,1,1596610410,1596615920,29,1,9,0,0,1,5
1,False,3332,3332,active,492,1,1,1,1596614079,1596615920,17,0,2,0,0,1,5
1,False,3333,3333,active,493,1,1,1,1596611733,1596615920,20,1,0,0,0,1,5
1,False,3335,3335,active,494,1,1,1,1596611740,1596615920,28,0,0,0,0,1,5
1,False,3336,3336,active,495,1,1,1,1596610565,1596615920,6,1,34,0,0,1,5
1,False,3337,3337,active,496,1,1,1,1596613291,1596615920,2,0,21,0,0,1,5
1,False,3338,3338,active,497,1,1,1,1596611670,1596615920,22,0,9,0,0,1,5
1,False,3339,3339,active,498,1,1,1,1596611731,1596615920,7,1,15,0,0,1,5
1,False,3340,3340,active,499,1,1,1,1596611671,1596615920,20,0,1,0,0,1,5
1,False,3341,3341,out_of_service,500,0,0,0,86400,1596615920,0,0,0,0,0,1,5
1,False,3342,3342,active,501,1,1,1,1596611668,1596615920,13,0,10,0,0,1,5
1,False,3343,3343,active,502,1,1,1,1596610515,1596615920,6,1,16,0,0,1,5
1,False,3344,3344,active,503,1,1,1,1596611573,1596615920,12,0,7,0,0,1,5
1,False,3345,3345,active,504,1,1,1,1596611732,1596615920,0,1,34,0,0,1,5
1,False,3346,3346,active,505,1,1,1,1596611668,1596615920,2,0,27,0,0,1,5
1,False,3347,3347,active,506,1,1,1,1596611735,1596615920,17,2,2,0,1,1,5
1,False,3348,3348,active,507,1,1,1,1596611668,1596615920,4,1,14,0,0,1,5
1,False,3349,3349,active,508,1,1,1,1596611727,1596615920,11,2,17,0,0,1,5
1,False,3350,3350,active,509,1,1,1,1596612695,1596615920,29,1,9,0,0,1,5
1,False,3351,3351,active,510,1,1,1,1596615503,1596615920,16,2,7,0,2,1,5
1,False,3352,3352,active,511,1,1,1,1596611768,1596615920,17,2,2,0,0,1,5
1,True,3354,3354,active,512,1,1,1,1596615781,1596615920,13,4,13,1,1,1,5
1,False,3355,3355,active,513,1,1,1,1596611618,1596615920,0,0,25,0,0,1,5
1,False,3356,3356,active,514,1,1,1,1596611669,1596615920,2,1,18,0,0,1,5
1,False,3357,3357,active,515,1,1,1,1596610514,1596615920,4,2,29,0,0,1,5
1,False,3358,3358,active,516,1,1,1,1596611672,1596615920,4,0,21,0,0,1,5
1,False,3359,3359,active,517,1,1,1,1596613708,1596615920,16,1,24,0,0,1,5
1,False,3360,3360,active,518,1,1,1,1596606539,1596615920,12,0,13,0,0,1,5
1,False,3361,3361,active,519,1,1,1,1596611617,1596615920,0,0,23,0,0,1,5
1,False,3362,3362,active,520,1,1,1,1596611679,1596615920,9,0,25,0,0,1,5
1,False,3363,3363,active,521,1,1,1,1596613762,1596615920,11,1,21,0,0,1,5
1,False,3364,3364,active,522,1,1,1,1596611557,1596615920,20,2,5,0,0,1,5
1,False,3365,3365,active,523,1,1,1,1596611735,1596615920,1,0,26,0,0,1,5
1,False,3366,3366,active,524,1,1,1,1596613747,1596615920,21,2,8,0,0,1,5
1,True,3367,3367,active,525,1,1,1,1596610579,1596615920,6,2,31,0,0,1,5
1,False,3368,3368,active,526,1,1,1,1596611788,1596615920,20,0,10,0,0,1,5
1,False,3369,3369,active,527,1,1,1,1596606780,1596615920,15,0,14,0,0,1,5
1,False,3370,3370,active,528,1,1,1,1596611669,1596615920,12,0,13,0,0,1,5
1,False,3372,3372,active,529,1,1,1,1596611670,1596615920,3,2,34,0,0,1,5
1,False,3373,3373,active,530,1,1,1,1596611668,1596615920,19,0,8,0,0,1,5
1,False,3374,3374,active,531,1,1,1,1596615131,1596615920,32,4,0,0,0,1,5
1,False,3375,3375,active,532,1,1,1,1596611779,1596615920,16,1,18,0,0,1,5
1,False,3376,3376,active,533,1,1,1,1596612846,1596615920,19,1,19,0,1,1,5
1,False,3377,3377,active,534,1,1,1,1596611667,1596615920,16,0,9,0,0,1,5
1,False,3378,3378,active,535,1,1,1,1596610415,1596615920,1,0,27,0,0,1,5
1,False,3379,3379,active,536,1,1,1,1596614267,1596615920,25,0,10,0,0,1,5
1,False,3381,3381,active,537,1,1,1,1596611645,1596615920,14,0,7,0,0,1,5
1,False,3382,3382,active,538,1,1,1,1596611639,1596615920,16,0,15,0,0,1,5
1,False,3383,3383,active,539,1,1,1,1596611668,1596615920,24,1,0,0,0,1,5
1,False,3384,3384,active,540,1,1,1,1596611980,1596615920,2,0,23,0,1,1,5
1,False,3386,3386,active,541,1,1,1,1596611581,1596615920,20,0,7,0,0,1,5
1,False,3387,3387,active,542,1,1,1,1596613026,1596615920,24,0,1,0,0,1,5
1,False,3388,3388,active,543,1,1,1,1596614064,1596615920,16,0,9,0,0,1,5
1,False,3389,3389,active,544,1,1,1,1596611632,1596615920,15,0,13,0,0,1,5
1,False,3390,3390,active,545,1,1,1,1596610565,1596615920,24,0,0,0,0,1,5
1,False,3391,3391,active,546,1,1,1,1596610348,1596615920,25,0,0,0,0,1,5
1,False,3392,3392,active,547,1,1,1,1596611621,1596615920,4,0,15,0,0,1,5
1,False,3393,3393,active,548,1,1,1,1596611670,1596615920,4,1,14,0,0,1,5
1,False,3394,3394,active,549,1,1,1,1596613520,1596615920,17,0,4,0,0,1,5
1,False,3395,3395,active,550,1,1,1,1596611598,1596615920,16,0,3,0,0,1,5
1,False,3396,3396,active,551,1,1,1,1596611675,1596615920,17,2,6,0,0,1,5
1,False,3397,3397,active,552,1,1,1,1596611670,1596615920,16,2,7,0,0,1,5
1,False,3398,3398,active,553,1,1,1,1596611557,1596615920,7,2,14,0,0,1,5
1,False,3399,3399,active,554,1,1,1,1596611670,1596615920,24,0,0,0,0,1,5
1,False,3400,3400,active,555,1,1,1,1596613656,1596615920,21,1,2,0,0,1,5
1,False,3402,3402,active,556,1,1,1,1596611670,1596615920,8,0,15,0,0,1,5
1,False,3403,3403,active,557,1,1,1,1596611670,1596615920,28,0,3,0,0,1,5
1,False,3404,3404,active,558,1,1,1,1596611670,1596615920,26,0,1,0,0,1,5
1,False,3405,3405,active,559,1,1,1,1596611555,1596615920,2,0,21,0,0,1,5
1,False,3407,3407,active,560,1,1,1,1596611671,1596615920,19,0,4,0,0,1,5
1,False,3408,3408,active,561,1,1,1,1596610552,1596615920,23,1,3,0,0,1,5
1,False,3409,3409,active,562,1,1,1,1596611562,1596615920,19,2,14,0,0,1,5
1,False,3410,3410,active,563,1,1,1,1596611749,1596615920,29,0,2,0,0,1,5
1,False,3411,3411,active,564,1,1,1,1596610535,1596615920,27,0,0,0,0,1,5
1,False,3412,3412,active,565,1,1,1,1596611743,1596615920,6,0,12,0,0,1,5
1,False,3414,3414,active,566,1,1,1,1596611642,1596615920,23,0,10,0,0,1,5
1,False,3415,3415,active,567,1,1,1,1596610580,1596615920,5,1,19,0,0,1,5
1,False,3416,3416,active,568,1,1,1,1596614570,1596615920,7,0,18,0,0,1,5
1,False,3417,3417,active,569,1,1,1,1596610577,1596615920,10,1,16,0,0,1,5
1,False,3418,3418,active,570,1,1,1,1596611730,1596615920,2,1,30,0,0,1,5
1,False,3419,3419,active,571,1,1,1,1596606818,1596615920,22,0,5,0,0,1,5
1,False,3420,3420,active,572,1,1,1,1596610380,1596615920,3,0,18,0,1,1,5
1,False,3421,3421,active,573,1,1,1,1596611670,1596615920,14,1,8,0,0,1,5
1,False,3422,3422,active,574,1,1,1,1596610437,1596615920,20,0,1,0,0,1,5
1,True,3423,3423,active,575,1,1,1,1596615858,1596615920,3,4,22,0,1,1,5
1,False,3424,3424,active,576,1,1,1,1596611661,1596615920,27,0,0,0,0,1,5
1,False,3425,3425,active,577,1,1,1,1596612463,1596615920,17,3,13,0,0,1,5
1,False,3429,3429,active,578,1,1,1,1596606196,1596615920,36,0,3,0,0,1,5
1,False,3430,3430,active,579,1,1,1,1596611937,1596615920,13,0,12,0,0,1,5
1,False,3435,3435,active,580,1,1,1,1596608119,1596615920,33,3,9,0,0,1,5
1,False,3437,3437,active,581,1,1,1,1596610373,1596615920,37,0,2,0,0,1,5
1,False,3440,3440,active,582,1,1,1,1596615483,1596615920,9,2,32,0,0,1,5
1,False,3443,3443,active,583,1,1,1,1596605700,1596615920,0,0,40,0,0,1,5
1,False,3452,3452,active,584,1,1,1,1596608048,1596615920,32,1,10,0,0,1,5
1,False,3453,3453,active,585,1,1,1,1596608064,1596615920,10,0,9,0,0,1,5
1,False,3454,3454,active,586,1,1,1,1596608192,1596615920,12,0,12,0,0,1,5
1,False,3456,3456,active,587,1,1,1,1596607939,1596615920,11,1,10,0,0,1,5
1,False,3457,3457,active,588,1,1,1,1596609535,1596615920,0,1,45,0,0,1,5
1,False,3461,3461,active,589,1,1,1,1596613785,1596615920,26,1,6,0,0,1,5
1,False,3463,3463,active,590,1,1,1,1596612934,1596615920,5,2,30,0,0,1,5
1,False,3467,3467,active,591,1,1,1,1596606767,1596615920,10,1,33,0,0,1,5
1,False,3469,3469,active,592,1,1,1,1596609190,1596615920,23,0,0,0,0,1,5
1,False,3472,3472,active,593,1,1,1,1596610516,1596615920,13,0,26,0,0,1,5
1,False,3477,3477,active,594,1,1,1,1596608008,1596615920,27,0,6,0,0,1,5
1,False,3478,3478,active,595,1,1,1,1596611670,1596615920,41,0,2,0,0,1,5
1,False,3479,3479,active,596,1,1,1,1596614170,1596615920,8,0,37,0,0,1,5
1,False,3481,3481,active,597,1,1,1,1596611670,1596615920,7,0,15,0,0,1,5
1,False,3483,3483,active,598,1,1,1,1596610577,1596615920,7,1,6,0,0,1,5
1,False,3486,3486,active,599,1,1,1,1596611730,1596615920,17,0,13,0,0,1,5
1,False,3490,3490,active,600,1,1,1,1596612774,1596615920,30,0,1,0,0,1,5
1,False,3491,3491,active,601,1,1,1,1596614089,1596615920,19,3,2,0,0,1,5
1,False,3492,3492,active,602,1,1,1,1596612929,1596615920,6,0,21,0,0,1,5
1,False,3493,3493,active,603,1,1,1,1596612848,1596615920,27,0,4,0,0,1,5
1,False,3494,3494,active,604,1,1,1,1596615147,1596615920,24,0,1,0,0,1,5
1,False,3495,3495,active,605,1,1,1,1596612864,1596615920,26,0,0,0,0,1,5
1,False,3496,3496,active,606,1,1,1,1596615877,1596615920,24,1,0,0,0,1,5
1,False,3497,3497,active,607,1,1,1,1596612771,1596615920,22,1,0,0,0,1,5
1,False,3498,3498,active,608,1,1,1,1596614074,1596615920,19,1,1,0,1,1,5
1,False,3499,3499,active,609,1,1,1,1596612782,1596615920,15,0,10,0,0,1,5
1,False,3500,3500,active,610,1,1,1,1596612886,1596615920,30,0,1,0,0,1,5
1,False,3501,3501,active,611,1,1,1,1596612892,1596615920,21,0,8,0,0,1,5
1,False,3502,3502,active,612,1,1,1,1596612930,1596615920,29,0,0,0,0,1,5
1,False,3503,3503,active,613,1,1,1,1596612917,1596615920,17,0,13,0,1,1,5
1,True,3504,3504,active,614,1,1,1,1596612859,1596615920,8,0,19,0,0,1,5
1,False,3505,3505,active,615,1,1,1,1596612882,1596615920,27,0,6,0,0,1,5
1,False,3506,3506,active,616,1,1,1,1596612867,1596615920,12,0,17,0,0,1,5
1,False,3507,3507,active,617,1,1,1,1596612926,1596615920,20,0,16,0,0,1,5
1,False,3508,3508,active,618,1,1,1,1596615809,1596615920,19,5,2,5,1,1,5
1,False,3509,3509,active,619,1,1,1,1596615225,1596615920,29,2,0,0,0,1,5
1,False,3510,3510,active,620,1,1,1,1596612867,1596615920,27,4,0,0,0,1,5
1,False,3511,3511,active,621,1,1,1,1596612873,1596615920,21,1,0,0,0,1,5
1,False,3513,3513,active,622,1,1,1,1596612815,1596615920,19,0,2,0,0,1,5
1,False,3514,3514,active,623,1,1,1,1596612908,1596615920,15,1,7,0,0,1,5
1,False,3515,3515,active,624,1,1,1,1596612864,1596615920,17,1,1,0,0,1,5
1,False,3516,3516,active,625,1,1,1,1596612796,1596615920,6,1,24,0,0,1,5
1,False,3517,3517,active,626,1,1,1,1596614114,1596615920,31,1,3,0,0,1,5
1,False,3518,3518,active,627,1,1,1,1596614277,1596615920,25,1,8,0,0,1,5
1,False,3520,3520,active,628,1,1,1,1596615398,1596615920,25,0,2,0,0,1,5
1,False,3521,3521,active,629,1,1,1,1596613073,1596615920,34,2,0,0,0,1,5
1,False,3522,3522,active,630,1,1,1,1596612943,1596615920,7,0,12,0,0,1,5
1,False,3523,3523,active,631,1,1,1,1596612954,1596615920,22,1,2,0,0,1,5
1,False,3524,3524,active,632,1,1,1,1596612896,1596615920,15,0,8,0,0,1,5
1,False,3525,3525,active,633,1,1,1,1596612865,1596615920,21,0,0,0,0,1,5
1,False,3526,3526,active,634,1,1,1,1596612950,1596615920,12,0,15,0,1,1,5
1,False,3527,3527,active,635,1,1,1,1596613846,1596615920,3,2,22,0,0,1,5
1,False,3528,3528,active,636,1,1,1,1596612864,1596615920,21,0,0,0,2,1,5
1,False,3529,3529,active,637,1,1,1,1596614918,1596615920,17,1,7,0,0,1,5
1,False,3530,3530,active,638,1,1,1,1596612870,1596615920,12,1,6,0,1,1,5
1,False,3531,3531,active,639,1,1,1,1596614649,1596615920,10,2,14,1,0,1,5
1,False,3532,3532,active,640,1,1,1,1596612771,1596615920,9,0,18,0,0,1,5
1,False,3533,3533,active,641,1,1,1,1596612868,1596615920,32,2,0,0,0,1,5
1,False,3534,3534,active,642,1,1,1,1596613993,1596615920,38,1,0,0,0,1,5
1,False,3535,3535,active,643,1,1,1,1596612866,1596615920,25,1,1,0,0,1,5
1,False,3536,3536,active,644,1,1,1,1596613192,1596615920,8,0,35,0,0,1,5
1,False,3537,3537,active,645,1,1,1,1596614206,1596615920,7,0,22,0,0,1,5
1,False,3538,3538,active,646,1,1,1,1596612932,1596615920,8,1,36,0,0,1,5
1,False,3539,3539,active,647,1,1,1,1596614064,1596615920,27,1,15,0,0,1,5
1,False,3540,3540,active,648,1,1,1,1596612862,1596615920,34,0,1,0,0,1,5
1,False,3541,3541,active,649,1,1,1,1596612882,1596615920,37,0,2,0,0,1,5
1,False,3542,3542,active,650,1,1,1,1596612807,1596615920,10,0,19,0,0,1,5
1,False,3543,3543,active,651,1,1,1,1596614154,1596615920,5,2,28,0,1,1,5
1,False,3544,3544,active,652,1,1,1,1596612941,1596615920,2,0,25,0,0,1,5
1,False,3545,3545,active,653,1,1,1,1596612864,1596615920,28,1,4,0,0,1,5
1,False,3546,3546,active,654,1,1,1,1596612945,1596615920,0,0,21,0,0,1,5
1,False,3547,3547,active,655,1,1,1,1596612876,1596615920,39,1,1,0,0,1,5
1,False,3549,3549,active,656,1,1,1,1596612808,1596615920,7,0,18,0,0,1,5
1,False,3551,3551,active,657,1,1,1,1596612982,1596615920,23,0,0,0,1,1,5
1,False,3552,3552,active,658,1,1,1,1596612871,1596615920,14,1,24,0,0,1,5
1,False,3553,3553,active,659,1,1,1,1596612790,1596615920,37,0,0,0,1,1,5
1,False,3554,3554,active,660,1,1,1,1596611921,1596615920,19,0,8,0,0,1,5
1,False,3555,3555,active,661,1,1,1,1596612994,1596615920,8,0,19,0,0,1,5
1,False,3557,3557,out_of_service,662,0,0,0,86400,1596615920,0,0,0,0,0,1,5
1,False,3558,3558,active,663,1,1,1,1596612929,1596615920,2,0,25,0,0,1,5
1,False,3559,3559,active,664,1,1,1,1596614052,1596615920,3,0,16,0,1,1,5
1,False,3561,3561,active,665,1,1,1,1596612867,1596615920,18,0,8,0,1,1,5
1,False,3562,3562,active,666,1,1,1,1596612926,1596615920,10,0,17,0,0,1,5
1,False,3563,3563,active,667,1,1,1,1596612802,1596615920,12,0,17,0,0,1,5
1,False,3564,3564,active,668,1,1,1,1596612934,1596615920,16,0,3,0,0,1,5
1,False,3565,3565,active,669,1,1,1,1596612867,1596615920,14,0,5,0,0,1,5
1,False,3566,3566,active,670,1,1,1,1596612863,1596615920,11,1,13,0,0,1,5
1,False,3567,3567,active,671,1,1,1,1596612976,1596615920,17,0,2,0,0,1,5
1,False,3568,3568,active,672,1,1,1,1596612876,1596615920,7,0,14,0,0,1,5
1,False,3569,3569,active,673,1,1,1,1596612922,1596615920,12,1,16,0,0,1,5
1,False,3570,3570,active,674,1,1,1,1596612768,1596615920,21,0,10,0,0,1,5
1,False,3571,3571,active,675,1,1,1,1596614008,1596615920,12,0,12,0,1,1,5
1,False,3572,3572,active,676,1,1,1,1596614280,1596615920,19,0,14,0,2,1,5
1,False,3573,3573,active,677,1,1,1,1596612761,1596615920,24,1,0,0,0,1,5
1,False,3574,3574,active,678,1,1,1,1596612865,1596615920,1,0,22,0,0,1,5
1,False,3575,3575,active,679,1,1,1,1596614062,1596615920,18,0,1,0,1,1,5
1,False,3576,3576,active,680,1,1,1,1596612864,1596615920,8,0,19,0,0,1,5
1,False,3577,3577,active,681,1,1,1,1596612864,1596615920,21,0,2,0,2,1,5
1,False,3578,3578,active,682,1,1,1,1596614050,1596615920,3,0,18,0,0,1,5
1,False,3579,3579,active,683,1,1,1,1596612876,1596615920,6,1,18,0,0,1,5
1,False,3580,3580,active,684,1,1,1,1596609363,1596615920,3,0,27,0,0,1,5
1,False,3581,3581,active,685,1,1,1,1596612870,1596615920,12,0,15,0,0,1,5
1,False,3582,3582,active,686,1,1,1,1596611671,1596615920,1,0,27,0,0,1,5
1,False,3583,3583,active,687,1,1,1,1596614118,1596615920,3,0,28,0,0,1,5
1,False,3584,3584,active,688,1,1,1,1596614075,1596615920,3,1,38,0,1,1,5
1,False,3585,3585,active,689,1,1,1,1596614020,1596615920,8,1,15,0,0,1,5
1,False,3586,3586,active,690,1,1,1,1596612770,1596615920,19,0,0,0,0,1,5
1,False,3587,3587,active,691,1,1,1,1596614033,1596615920,2,0,25,0,0,1,5
1,False,3588,3588,active,692,1,1,1,1596612832,1596615920,21,0,0,0,0,1,5
1,False,3589,3589,active,693,1,1,1,1596612867,1596615920,16,0,3,0,0,1,5
1,False,3590,3590,active,694,1,1,1,1596612827,1596615920,3,0,16,0,0,1,5
1,False,3591,3591,active,695,1,1,1,1596612864,1596615920,17,1,3,0,1,1,5
1,False,3592,3592,active,696,1,1,1,1596612820,1596615920,18,0,1,0,0,1,5
1,False,3593,3593,active,697,1,1,1,1596612780,1596615920,33,2,0,0,0,1,5
1,False,3595,3595,active,698,1,1,1,1596606755,1596615920,14,2,2,0,1,1,5
1,False,3596,3596,active,699,1,1,1,1596610448,1596615920,16,1,2,0,1,1,5
1,False,3597,3597,active,700,1,1,1,1596605541,1596615920,24,1,0,0,0,1,5
1,False,3598,3598,active,701,1,1,1,1596612885,1596615920,18,0,1,0,2,1,5
1,False,3599,3599,active,702,1,1,1,1596614111,1596615920,26,1,0,0,3,1,5
1,False,3600,3600,active,703,1,1,1,1596614128,1596615920,23,1,3,0,0,1,5
1,False,3601,3601,active,704,1,1,1,1596614010,1596615920,19,0,0,0,0,1,5
1,False,3602,3602,active,705,1,1,1,1596612820,1596615920,13,0,10,0,1,1,5
1,False,3603,3603,active,706,1,1,1,1596612845,1596615920,21,0,0,0,0,1,5
1,False,3604,3604,active,707,1,1,1,1596614036,1596615920,14,0,3,0,0,1,5
1,False,3605,3605,active,708,1,1,1,1596615268,1596615920,20,1,0,0,0,1,5
1,False,3606,3606,active,709,1,1,1,1596614112,1596615920,1,0,20,0,0,1,5
1,False,3607,3607,active,710,1,1,1,1596611676,1596615920,18,1,0,0,1,1,5
1,False,3608,3608,active,711,1,1,1,1596614185,1596615920,5,0,16,0,0,1,5
1,False,3609,3609,active,712,1,1,1,1596601598,1596615920,22,1,0,0,0,1,5
1,True,3610,3610,active,713,1,1,1,1596608007,1596615920,27,0,0,0,1,1,5
1,False,3611,3611,active,714,1,1,1,1596614070,1596615920,7,2,22,0,0,1,5
1,False,3612,3612,active,715,1,1,1,1596605609,1596615920,13,1,1,0,0,1,5
1,False,3613,3613,active,716,1,1,1,1596613973,1596615920,0,0,27,0,0,1,5
1,False,3614,3614,active,717,1,1,1,1596615649,1596615920,10,0,12,1,0,1,5
1,False,3615,3615,active,718,1,1,1,1596614072,1596615920,1,0,20,0,0,1,5
1,False,3616,3616,active,719,1,1,1,1596612846,1596615920,11,2,12,0,1,1,5
1,False,3617,3617,active,720,1,1,1,1596612920,1596615920,12,0,15,0,1,1,5
1,False,3618,3618,active,721,1,1,1,1596614147,1596615920,7,0,18,0,0,1,5
1,False,3619,3619,active,722,1,1,1,1596612884,1596615920,18,0,1,0,0,1,5
1,False,3620,3620,active,723,1,1,1,1596613995,1596615920,5,1,17,0,0,1,5
1,False,3621,3621,active,724,1,1,1,1596612785,1596615920,11,0,8,0,0,1,5
1,False,3622,3622,active,725,1,1,1,1596614098,1596615920,5,0,18,0,0,1,5
1,False,3623,3623,active,726,1,1,1,1596614198,1596615920,15,0,24,0,0,1,5
1,False,3628,3628,active,727,1,1,1,1596614192,1596615920,25,2,4,0,1,1,5
1,False,3629,3629,active,728,1,1,1,1596614163,1596615920,17,1,15,0,0,1,5
1,False,3630,3630,active,729,1,1,1,1596612786,1596615920,30,1,0,2,1,1,5
1,False,3637,3637,active,730,1,1,1,1596608102,1596615920,13,0,18,0,0,1,5
1,False,3638,3638,active,731,1,1,1,1596611665,1596615920,3,0,15,0,0,1,5
1,False,3639,3639,active,732,1,1,1,1596613501,1596615920,28,1,1,0,0,1,5
1,False,3640,3640,active,733,1,1,1,1596609159,1596615920,3,0,15,0,0,1,5
1,False,3641,3641,active,734,1,1,1,1596606868,1596615920,2,1,51,0,0,1,5
1,False,3646,3646,active,735,1,1,1,1596614004,1596615920,14,0,2,10,0,1,5
1,False,3647,3647,active,736,1,1,1,1596614084,1596615920,12,0,11,0,0,1,5
1,False,3648,3648,active,737,1,1,1,1596614151,1596615920,13,2,10,0,0,1,5
1,False,3649,3649,active,738,1,1,1,1596614160,1596615920,5,1,24,0,0,1,5
1,False,3654,3654,active,739,1,1,1,1596614169,1596615920,6,0,29,0,1,1,5
1,False,3656,3656,active,740,1,1,1,1596614037,1596615920,40,0,6,0,0,1,5
1,False,3658,3658,active,741,1,1,1,1596606884,1596615920,22,0,5,0,0,1,5
1,False,3661,3661,active,742,1,1,1,1596614026,1596615920,16,2,1,0,0,1,5
1,False,3664,3664,active,743,1,1,1,1596615144,1596615920,15,1,14,0,0,1,5
1,False,3668,3668,active,744,1,1,1,1596608344,1596615920,22,2,2,0,1,1,5
1,False,3671,3671,active,745,1,1,1,1596615791,1596615920,36,0,1,0,0,1,5
1,False,3673,3673,active,746,1,1,1,1596614074,1596615920,9,0,12,0,0,1,5
1,False,3674,3674,active,747,1,1,1,1596614005,1596615920,1,1,25,0,0,1,5
1,False,3676,3676,active,748,1,1,1,1596611669,1596615920,16,0,8,0,0,1,5
1,False,3677,3677,active,749,1,1,1,1596609217,1596615920,8,0,10,0,0,1,5
1,False,3678,3678,active,750,1,1,1,1596609220,1596615920,9,0,9,0,0,1,5
1,False,3679,3679,active,751,1,1,1,1596613419,1596615920,11,0,3,0,0,1,5
1,False,3680,3680,active,752,1,1,1,1596607063,1596615920,0,1,54,0,0,1,5
1,False,3681,3681,active,753,1,1,1,1596609284,1596615920,12,4,2,0,0,1,5
1,False,3686,3686,active,754,1,1,1,1596606746,1596615920,10,1,28,0,0,1,5
1,False,3687,3687,active,755,1,1,1,1596615383,1596615920,1,3,55,0,0,1,5
1,False,3689,3689,active,756,1,1,1,1596612989,1596615920,19,1,27,0,1,1,5
1,False,3690,3690,active,757,1,1,1,1596614194,1596615920,29,0,7,0,0,1,5
1,False,3691,3691,out_of_service,758,0,0,0,86400,1596615920,0,0,0,0,0,1,5
1,False,3693,3693,active,759,1,1,1,1596608153,1596615920,24,0,3,0,0,1,5
1,False,3694,3694,active,760,1,1,1,1596609308,1596615920,9,0,9,0,0,1,5
1,False,3697,3697,active,761,1,1,1,1596613986,1596615920,18,3,22,0,0,1,5
1,False,3699,3699,active,762,1,1,1,1596609191,1596615920,15,2,13,0,0,1,5
1,False,3704,3704,active,763,1,1,1,1596607978,1596615920,3,0,16,0,0,1,5
1,False,3707,3707,active,764,1,1,1,1596611551,1596615920,11,2,42,0,0,1,5
1,False,3708,3708,active,765,1,1,1,1596605710,1596615920,10,0,19,0,0,1,5
1,False,3709,3709,active,766,1,1,1,1596607765,1596615920,6,4,41,0,0,1,5
1,False,3711,3711,active,767,1,1,1,1596615415,1596615920,40,0,7,0,0,1,5
1,False,3712,3712,active,768,1,1,1,1596615094,1596615920,13,0,28,0,0,1,5
1,False,3714,3714,active,769,1,1,1,1596606902,1596615920,27,2,32,0,0,1,5
1,False,3715,3715,active,770,1,1,1,1596611671,1596615920,21,0,10,0,0,1,5
1,False,3716,3716,active,771,1,1,1,1596613984,1596615920,3,0,20,0,0,1,5
1,False,3718,3718,active,772,1,1,1,1596611733,1596615920,24,0,22,0,0,1,5
1,False,3721,3721,active,773,1,1,1,1596608010,1596615920,30,1,4,0,0,1,5
1,True,3723,3723,active,774,1,1,1,1596604307,1596615920,11,0,19,0,0,1,5
1,False,3724,3724,active,775,1,1,1,1596605725,1596615920,0,0,39,0,0,1,5
1,False,3725,3725,active,776,1,1,1,1596610397,1596615920,7,0,34,0,0,1,5
1,False,3726,3726,active,777,1,1,1,1596609819,1596615920,6,4,13,0,1,1,5
1,False,3727,3727,active,778,1,1,1,1596608037,1596615920,4,0,34,0,0,1,5
1,False,3728,3728,active,779,1,1,1,1596609563,1596615920,6,0,18,0,0,1,5
1,False,3731,3731,active,780,1,1,1,1596615373,1596615920,0,1,45,0,0,1,5
1,False,3733,3733,active,781,1,1,1,1596614099,1596615920,7,0,39,0,0,1,5
1,False,3734,3734,active,782,1,1,1,1596614088,1596615920,6,0,44,0,0,1,5
1,False,3735,3735,active,783,1,1,1,1596615743,1596615920,32,5,1,0,0,1,5
1,False,3736,3736,out_of_service,784,0,0,0,86400,1596615920,0,0,0,0,0,1,5
1,False,3737,3737,active,785,1,1,1,1596614027,1596615920,29,1,5,0,0,1,5
1,False,3738,3738,active,786,1,1,1,1596599316,1596615920,24,1,6,0,0,1,5
1,False,3739,3739,active,787,1,1,1,1596615379,1596615920,9,0,28,0,0,1,5
1,False,3740,3740,active,788,1,1,1,1596608426,1596615920,10,1,23,0,0,1,5
1,False,3744,3744,active,789,1,1,1,1596608143,1596615920,47,0,4,0,0,1,5
1,False,3745,3745,active,790,1,1,1,1596614123,1596615920,7,1,19,0,0,1,5
1,False,3746,3746,active,791,1,1,1,1596605744,1596615920,9,2,37,0,0,1,5
1,False,3749,3749,active,792,1,1,1,1596614031,1596615920,12,1,10,0,0,1,5
1,False,3755,3755,active,793,1,1,1,1596604526,1596615920,11,2,6,0,0,1,5
1,False,3756,3756,active,794,1,1,1,1596614063,1596615920,17,0,4,0,0,1,5
1,False,3757,3757,active,795,1,1,1,1596614168,1596615920,9,0,14,0,0,1,5
1,False,3758,3758,active,796,1,1,1,1596613988,1596615920,10,1,8,0,0,1,5
1,False,3759,3759,active,797,1,1,1,1596614435,1596615920,16,0,3,0,0,1,5
1,False,3760,3760,active,798,1,1,1,1596614073,1596615920,20,0,3,0,2,1,5
1,False,3761,3761,active,799,1,1,1,1596614140,1596615920,4,0,23,0,0,1,5
1,False,3762,3762,active,800,1,1,1,1596606856,1596615920,18,0,9,0,0,1,5
1,False,3763,3763,active,801,1,1,1,1596614139,1596615920,27,0,0,0,1,1,5
1,False,3764,3764,active,802,1,1,1,1596614029,1596615920,12,0,9,0,0,1,5
1,False,3765,3765,active,803,1,1,1,1596614009,1596615920,5,0,16,0,0,1,5
1,False,3766,3766,active,804,1,1,1,1596614077,1596615920,18,0,6,0,0,1,5
1,False,3767,3767,active,805,1,1,1,1596614008,1596615920,9,0,10,0,0,1,5
1,False,3768,3768,active,806,1,1,1,1596614083,1596615920,1,0,22,0,0,1,5
1,False,3769,3769,active,807,1,1,1,1596614036,1596615920,19,0,4,0,1,1,5
1,False,3770,3770,active,808,1,1,1,1596614125,1596615920,0,0,21,0,0,1,5
1,False,3771,3771,active,809,1,1,1,1596613993,1596615920,28,2,0,0,0,1,5
1,False,3772,3772,active,810,1,1,1,1596614039,1596615920,0,0,19,0,0,1,5
1,False,3773,3773,active,811,1,1,1,1596594540,1596615920,20,0,0,0,0,1,5
1,False,3774,3774,active,812,1,1,1,1596615369,1596615920,23,0,0,0,0,1,5
1,False,3775,3775,active,813,1,1,1,1596614160,1596615920,26,1,0,0,2,1,5
1,False,3776,3776,active,814,1,1,1,1596614195,1596615920,7,1,15,0,0,1,5
1,False,3777,3777,active,815,1,1,1,1596615254,1596615920,12,0,11,0,0,1,5
1,False,3778,3778,active,816,1,1,1,1596615356,1596615920,13,1,13,0,0,1,5
1,False,3779,3779,active,817,1,1,1,1596615359,1596615920,5,0,19,0,0,1,5
1,False,3780,3780,active,818,1,1,1,1596615268,1596615920,15,0,7,0,0,1,5
1,False,3781,3781,active,819,1,1,1,1596614013,1596615920,5,1,24,0,0,1,5
1,False,3782,3782,active,820,1,1,1,1596615209,1596615920,6,0,24,1,0,1,5
1,False,3783,3783,active,821,1,1,1,1596610013,1596615920,37,33,3,0,0,1,5
1,False,3785,3785,active,822,1,1,1,1596615768,1596615920,4,2,31,0,0,1,5
1,False,3786,3786,active,823,1,1,1,1596605880,1596615920,41,0,8,0,0,1,5
1,False,3787,3787,active,824,1,1,1,1596615291,1596615920,2,0,20,0,0,1,5
1,False,3789,3789,active,825,1,1,1,1596604436,1596615920,5,0,26,0,0,1,5
1,False,3790,3790,active,826,1,1,1,1596605713,1596615920,25,0,12,0,0,1,5
1,False,3791,3791,active,827,1,1,1,1596609292,1596615920,6,1,25,0,0,1,5
1,False,3792,3792,active,828,1,1,1,1596609138,1596615920,8,1,21,0,0,1,5
1,False,3795,3795,active,829,1,1,1,1596607810,1596615920,13,0,6,0,0,1,5
1,False,3798,3798,active,830,1,1,1,1596610410,1596615920,0,2,53,0,0,1,5
1,False,3799,3799,active,831,1,1,1,1596614702,1596615920,0,1,66,0,0,1,5
1,False,3803,3803,active,832,1,1,1,1596614061,1596615920,23,1,3,0,2,1,5
1,False,3804,3804,active,833,1,1,1,1596608953,1596615920,9,0,15,0,0,1,5
1,False,3808,3808,active,834,1,1,1,1596614003,1596615920,8,1,10,0,1,1,5
1,False,3809,3809,active,835,1,1,1,1596605645,1596615920,0,2,51,0,0,1,5
1,False,3811,3811,active,836,1,1,1,1596612954,1596615920,19,0,0,0,0,1,5
1,False,3812,3812,active,837,1,1,1,1596609509,1596615920,35,4,10,0,0,1,5
1,False,3814,3814,active,838,1,1,1,1596609647,1596615920,2,2,19,0,0,1,5
1,False,3815,3815,active,839,1,1,1,1596615401,1596615920,5,3,33,0,0,1,5
1,False,3816,3816,active,840,1,1,1,1596615284,1596615920,22,0,2,0,0,1,5
1,False,3817,3817,active,841,1,1,1,1596615385,1596615920,4,1,13,0,0,1,5
1,False,3818,3818,active,842,1,1,1,1596615366,1596615920,2,0,37,0,0,1,5
1,False,3819,3819,active,843,1,1,1,1596615381,1596615920,17,0,3,0,0,1,5
1,False,3820,3820,active,844,1,1,1,1596615298,1596615920,2,1,16,0,0,1,5
1,False,3821,3821,active,845,1,1,1,1596615174,1596615920,6,0,19,0,0,1,5
1,False,3822,3822,active,846,1,1,1,1596615299,1596615920,4,2,14,0,0,1,5
1,False,3823,3823,active,847,1,1,1,1596615259,1596615920,8,0,22,0,0,1,5
1,False,3824,3824,active,848,1,1,1,1596615359,1596615920,13,0,10,0,0,1,5
1,False,3825,3825,active,849,1,1,1,1596615271,1596615920,3,0,26,0,0,1,5
1,False,3826,3826,active,850,1,1,1,1596615360,1596615920,3,0,15,0,0,1,5
1,False,3827,3827,active,851,1,1,1,1596615205,1596615920,4,0,16,0,2,1,5
1,False,3828,3828,active,852,1,1,1,1596615401,1596615920,3,0,19,0,0,1,5
1,False,3829,3829,active,853,1,1,1,1596615364,1596615920,10,0,14,0,0,1,5
1,False,3830,3830,active,854,1,1,1,1596615309,1596615920,7,0,15,0,0,1,5
1,False,3831,3831,active,855,1,1,1,1596615262,1596615920,7,1,27,0,0,1,5
1,False,3832,3832,active,856,1,1,1,1596615404,1596615920,1,0,20,0,0,1,5
1,False,3833,3833,active,857,1,1,1,1596615394,1596615920,3,0,15,0,0,1,5
1,False,3834,3834,active,858,1,1,1,1596615322,1596615920,4,0,15,0,0,1,5
1,False,3835,3835,active,859,1,1,1,1596615255,1596615920,0,1,21,0,0,1,5
1,False,3836,3836,active,860,1,1,1,1596615351,1596615920,4,0,25,0,0,1,5
1,False,3837,3837,active,861,1,1,1,1596615345,1596615920,13,0,16,0,0,1,5
1,False,3838,3838,active,862,1,1,1,1596615206,1596615920,3,1,21,0,0,1,5
1,False,3839,3839,active,863,1,1,1,1596615185,1596615920,2,0,27,0,0,1,5
1,False,3840,3840,active,864,1,1,1,1596615371,1596615920,5,0,19,0,0,1,5
1,False,3841,3841,active,865,1,1,1,1596615267,1596615920,5,2,18,0,0,1,5
1,False,3842,3842,active,866,1,1,1,1596615325,1596615920,7,0,22,0,0,1,5
1,False,3843,3843,active,867,1,1,1,1596615179,1596615920,7,1,15,0,0,1,5
1,False,3844,3844,active,868,1,1,1,1596615193,1596615920,5,2,18,0,0,1,5
1,False,3845,3845,active,869,1,1,1,1596615325,1596615920,2,0,19,0,0,1,5
1,False,3846,3846,active,870,1,1,1,1596615394,1596615920,5,1,19,0,0,1,5
1,False,3847,3847,active,871,1,1,1,1596615329,1596615920,0,0,25,0,0,1,5
1,False,3848,3848,active,872,1,1,1,1596615288,1596615920,5,0,27,0,0,1,5
1,False,3849,3849,active,873,1,1,1,1596615394,1596615920,0,0,17,0,0,1,5
1,False,3850,3850,active,874,1,1,1,1596615309,1596615920,16,0,9,0,0,1,5
1,False,3851,3851,active,875,1,1,1,1596615235,1596615920,18,0,2,0,0,1,5
1,False,3852,3852,active,876,1,1,1,1596615179,1596615920,12,0,5,0,0,1,5
1,False,3853,3853,active,877,1,1,1,1596615405,1596615920,12,0,8,0,0,1,5
1,False,3854,3854,active,878,1,1,1,1596615365,1596615920,9,0,16,0,0,1,5
1,False,3855,3855,active,879,1,1,1,1596615204,1596615920,6,0,16,0,0,1,5
1,False,3856,3856,active,880,1,1,1,1596615265,1596615920,12,0,13,0,1,1,5
1,False,3857,3857,active,881,1,1,1,1596615349,1596615920,8,0,11,0,0,1,5
1,False,3858,3858,active,882,1,1,1,1596615383,1596615920,11,0,9,0,0,1,5
1,False,3859,3859,active,883,1,1,1,1596615280,1596615920,12,0,8,0,0,1,5
1,False,3860,3860,active,884,1,1,1,1596615484,1596615920,0,0,26,0,0,1,5
1,False,3861,3861,active,885,1,1,1,1596615274,1596615920,3,0,17,0,0,1,5
1,False,3862,3862,active,886,1,1,1,1596615213,1596615920,3,0,15,0,0,1,5
1,False,3863,3863,active,887,1,1,1,1596615257,1596615920,12,0,6,0,0,1,5
1,False,3864,3864,active,888,1,1,1,1596615204,1596615920,4,0,26,0,0,1,5
1,False,3865,3865,active,889,1,1,1,1596615387,1596615920,6,0,18,0,0,1,5
1,False,3866,3866,active,890,1,1,1,1596615309,1596615920,5,0,27,0,0,1,5
1,False,3867,3867,active,891,1,1,1,1596615322,1596615920,25,0,4,0,0,1,5
1,False,3868,3868,active,892,1,1,1,1596615240,1596615920,2,0,17,0,1,1,5
1,False,3869,3869,active,893,1,1,1,1596615326,1596615920,3,0,21,0,0,1,5
1,False,3870,3870,active,894,1,1,1,1596615282,1596615920,1,0,19,0,0,1,5
1,False,3871,3871,active,895,1,1,1,1596615323,1596615920,0,0,30,0,0,1,5
1,False,3872,3872,active,896,1,1,1,1596615287,1596615920,2,0,17,0,0,1,5
1,False,3873,3873,active,897,1,1,1,1596615196,1596615920,3,0,14,0,0,1,5
1,False,3874,3874,active,898,1,1,1,1596615390,1596615920,6,0,10,0,0,1,5
1,False,3875,3875,active,899,1,1,1,1596615290,1596615920,9,0,6,0,0,1,5
1,False,3876,3876,active,900,1,1,1,1596615211,1596615920,15,1,7,0,0,1,5
1,False,3877,3877,active,901,1,1,1,1596615293,1596615920,6,0,19,0,0,1,5
1,False,3878,3878,active,902,1,1,1,1596615334,1596615920,9,0,10,0,1,1,5
1,False,3879,3879,active,903,1,1,1,1596615315,1596615920,13,0,12,0,0,1,5
1,False,3880,3880,active,904,1,1,1,1596615202,1596615920,11,0,16,0,0,1,5
1,False,3881,3881,active,905,1,1,1,1596615235,1596615920,35,3,1,0,0,1,5
1,False,3882,3882,active,906,1,1,1,1596615269,1596615920,8,1,6,0,1,1,5
1,False,3883,3883,active,907,1,1,1,1596615399,1596615920,1,0,18,0,0,1,5
1,False,3884,3884,active,908,1,1,1,1596607394,1596615920,9,0,14,0,0,1,5
1,False,3885,3885,active,909,1,1,1,1596615207,1596615920,2,0,17,0,0,1,5
1,False,3886,3886,active,910,1,1,1,1596615325,1596615920,4,0,16,0,0,1,5
1,False,3887,3887,active,911,1,1,1,1596615320,1596615920,13,1,7,0,0,1,5
1,False,3888,3888,active,912,1,1,1,1596615246,1596615920,0,0,19,0,0,1,5
1,False,3890,3890,active,913,1,1,1,1596615307,1596615920,15,0,16,0,0,1,5
1,False,3891,3891,active,914,1,1,1,1596615390,1596615920,1,0,19,0,0,1,5
1,False,3892,3892,active,915,1,1,1,1596612933,1596615920,8,0,11,0,0,1,5
1,False,3893,3893,active,916,1,1,1,1596615328,1596615920,10,0,15,0,0,1,5
1,False,3895,3895,active,917,1,1,1,1596615373,1596615920,5,3,17,0,0,1,5
1,False,3896,3896,active,918,1,1,1,1596615393,1596615920,0,0,22,0,0,1,5
1,False,3897,3897,active,919,1,1,1,1596605139,1596615920,3,0,14,0,1,1,5
1,False,3898,3898,active,920,1,1,1,1596610554,1596615920,7,1,49,0,0,1,5
1,False,3899,3899,active,921,1,1,1,1596615867,1596615920,6,12,0,0,0,1,5
1,False,3900,3900,active,922,1,1,1,1596615399,1596615920,1,0,29,0,0,1,5
1,False,3901,3901,active,923,1,1,1,1596615209,1596615920,0,0,17,0,0,1,5
1,False,3902,3902,active,924,1,1,1,1596605694,1596615920,3,0,16,0,2,1,5
1,False,3903,3903,active,925,1,1,1,1596615222,1596615920,5,0,12,0,0,1,5
1,False,3905,3905,active,926,1,1,1,1596610024,1596615920,20,1,6,0,0,1,5
1,True,3906,3906,active,927,1,1,1,1596613628,1596615920,11,2,19,0,0,1,5
1,False,3907,3907,active,928,1,1,1,1596615203,1596615920,4,0,13,0,0,1,5
1,False,3909,3909,active,929,1,1,1,1596602270,1596615920,4,0,16,0,0,1,5
1,False,3910,3910,active,930,1,1,1,1596601536,1596615920,1,0,16,0,0,1,5
1,False,3911,3911,active,931,1,1,1,1596614520,1596615920,18,2,2,0,1,1,5
1,False,3913,3913,active,932,1,1,1,1596610697,1596615920,15,0,4,0,1,1,5
1,False,3914,3914,out_of_service,933,0,0,0,86400,1596615920,0,0,0,0,0,1,5
1,True,3916,3916,active,934,1,1,1,1596613824,1596615920,26,0,19,0,0,1,5
1,False,3917,3917,active,935,1,1,1,1596611325,1596615920,28,1,2,0,0,1,5
1,False,3918,3918,active,936,1,1,1,1596615612,1596615920,19,4,7,0,1,1,5
1,False,3919,3919,active,937,1,1,1,1596612198,1596615920,25,1,11,0,1,1,5
1,False,3920,3920,active,938,1,1,1,1596602197,1596615920,8,0,11,0,0,1,5
1,False,3921,3921,active,939,1,1,1,1596601795,1596615920,4,0,15,0,0,1,5
1,False,3922,3922,active,940,1,1,1,1596595532,1596615920,17,0,2,0,0,1,5
1,False,3923,3923,active,941,1,1,1,1596607445,1596615920,2,0,15,0,0,1,5
1,False,3924,3924,active,942,1,1,1,1596615721,1596615920,3,0,22,0,0,1,5
1,False,3925,3925,active,943,1,1,1,1596571962,1596615920,6,0,15,0,0,1,5
1,False,3926,3926,active,944,1,1,1,1596613964,1596615920,9,1,10,0,0,1,5
1,False,3927,3927,active,945,1,1,1,1596615909,1596615920,9,0,18,0,0,1,5
1,False,3928,3928,active,946,1,1,1,1596605161,1596615920,5,0,13,0,0,1,5
1,False,3929,3929,active,947,1,1,1,1596596560,1596615920,9,1,9,0,0,1,5
1,False,3930,3930,active,948,1,1,1,1596597115,1596615920,18,0,1,0,0,1,5
1,False,3931,3931,active,949,1,1,1,1596602383,1596615920,22,1,0,0,0,1,5
1,False,3932,3932,active,950,1,1,1,1596600235,1596615920,13,0,10,0,0,1,5
1,False,3933,3933,active,951,1,1,1,1596614121,1596615920,19,0,0,0,1,1,5
1,False,3934,3934,active,952,1,1,1,1596610890,1596615920,10,1,16,0,0,1,5
1,False,3935,3935,active,953,1,1,1,1596615572,1596615920,16,3,0,0,0,1,5
1,False,3936,3936,active,954,1,1,1,1596609389,1596615920,15,2,2,0,0,1,5
1,False,3937,3937,active,955,1,1,1,1596586413,1596615920,13,0,10,0,0,1,5
1,False,3938,3938,active,956,1,1,1,1596540159,1596615920,11,0,8,0,0,1,5
1,False,3939,3939,active,957,1,1,1,1596613196,1596615920,6,0,15,0,0,1,5
1,False,3940,3940,active,958,1,1,1,1596530062,1596615920,8,0,8,0,0,1,5
1,False,3941,3941,active,959,1,1,1,1596564351,1596615920,11,0,6,0,0,1,5
1,False,3942,3942,active,960,1,1,1,1596612047,1596615920,17,0,4,0,0,1,5
1,False,3944,3944,active,961,1,1,1,1596606408,1596615920,2,0,28,0,1,1,5
1,False,3945,3945,active,962,1,1,1,1596612821,1596615920,2,1,18,0,0,1,5
1,False,3946,3946,active,963,1,1,1,1596615703,1596615920,7,0,14,0,1,1,5
1,False,3947,3947,active,964,1,1,1,1596604314,1596615920,3,0,15,0,1,1,5
1,False,3948,3948,active,965,1,1,1,1596588395,1596615920,3,0,20,0,0,1,5
1,False,3949,3949,active,966,1,1,1,1596601332,1596615920,4,1,18,0,0,1,5
1,False,3950,3950,active,967,1,1,1,1596610985,1596615920,4,0,15,0,1,1,5
1,False,3951,3951,active,968,1,1,1,1596612426,1596615920,13,0,6,0,0,1,5
1,False,3952,3952,active,969,1,1,1,1596607174,1596615920,4,0,15,0,2,1,5
1,False,3953,3953,active,970,1,1,1,1596607309,1596615920,15,0,10,0,0,1,5
1,False,3955,3955,active,971,1,1,1,1596587741,1596615920,1,0,18,0,0,1,5
1,False,3956,3956,active,972,1,1,1,1596590531,1596615920,16,0,7,0,0,1,5
1,False,3957,3957,active,973,1,1,1,1596599013,1596615920,8,0,11,0,0,1,5
1,False,3958,3958,active,974,1,1,1,1596611233,1596615920,12,0,11,0,1,1,5
1,False,3959,3959,active,975,1,1,1,1596610990,1596615920,12,1,18,0,0,1,5
1,False,3961,3961,active,976,1,1,1,1596611604,1596615920,13,1,5,0,0,1,5
1,False,3963,3963,active,977,1,1,1,1596609405,1596615920,16,2,13,0,0,1,5
1,False,3964,3964,active,978,1,1,1,1596603667,1596615920,4,0,16,0,0,1,5
1,False,3965,3965,active,979,1,1,1,1596607523,1596615920,1,0,18,0,1,1,5
1,False,3966,3966,active,980,1,1,1,1596603475,1596615920,2,0,17,0,1,1,5
1,False,3967,3967,active,981,1,1,1,1596612835,1596615920,24,0,6,0,1,1,5
1,False,3968,3968,active,982,1,1,1,1596607561,1596615920,14,0,7,0,1,1,5
1,False,3969,3969,active,983,1,1,1,1596596490,1596615920,4,0,15,0,0,1,5
1,False,3970,3970,active,984,1,1,1,1596613511,1596615920,6,0,13,0,0,1,5
1,False,3973,3973,active,985,1,1,1,1596611876,1596615920,4,2,20,0,0,1,5
1,False,3975,3975,active,986,1,1,1,1596599727,1596615920,5,0,16,0,0,1,5
1,False,3976,3976,active,987,1,1,1,1596603809,1596615920,8,0,11,0,0,1,5
1,False,3977,3977,active,988,1,1,1,1596615810,1596615920,5,1,23,0,2,1,5
1,False,3978,3978,active,989,1,1,1,1596613045,1596615920,10,0,8,0,0,1,5
1,False,3980,3980,active,990,1,1,1,1596612055,1596615920,2,0,18,0,0,1,5
1,False,3981,3981,active,991,1,1,1,1596610931,1596615920,0,1,23,0,0,1,5
1,False,3982,3982,active,992,1,1,1,1596591083,1596615920,14,0,7,0,0,1,5
1,False,3983,3983,active,993,1,0,1,1596566816,1596615920,0,0,23,0,0,1,5
1,False,3984,3984,active,994,1,1,1,1596615591,1596615920,1,1,17,4,0,1,5
1,False,3986,3986,active,995,1,1,1,1596603337,1596615920,28,0,7,0,0,1,5
1,False,3987,3987,active,996,1,1,1,1596613473,1596615920,6,0,17,0,1,1,5
1,False,3988,3988,active,997,1,1,1,1596610862,1596615920,11,0,8,0,0,1,5
1,False,3989,3989,active,998,1,1,1,1596594525,1596615920,11,1,10,0,0,1,5
1,False,3992,3992,active,999,1,1,1,1596613890,1596615920,40,0,7,0,4,1,5
1,False,3994,3994,active,1000,1,1,1,1596610836,1596615920,12,0,18,0,1,1,5
1,False,3995,3995,active,1001,1,1,1,1596610228,1596615920,8,1,12,0,0,1,5
1,False,3996,3996,active,1002,1,1,1,1596613791,1596615920,17,1,6,0,0,1,5
1,False,3997,3997,active,1003,1,1,1,1596615064,1596615920,5,0,15,0,1,1,5
1,False,3998,3998,active,1004,1,1,1,1596603629,1596615920,5,0,24,0,0,1,5
1,False,3999,3999,active,1005,1,1,1,1596613727,1596615920,11,0,12,0,2,1,5
1,False,4000,4000,active,1006,1,1,1,1596612929,1596615920,10,0,12,0,1,1,5
1,False,4001,4001,active,1007,1,1,1,1596593271,1596615920,2,0,22,0,0,1,5
1,False,4002,4002,active,1008,1,1,1,1596614490,1596615920,20,0,4,0,2,1,5
1,False,4004,4004,active,1009,1,1,1,1596612342,1596615920,20,0,1,0,0,1,5
1,False,4005,4005,active,1010,1,1,1,1596586966,1596615920,1,0,23,0,0,1,5
1,False,4006,4006,active,1011,1,1,1,1596607024,1596615920,12,0,13,0,0,1,5
1,False,4007,4007,active,1012,1,1,1,1596609224,1596615920,24,3,3,0,0,1,5
1,False,4009,4009,active,1013,1,1,1,1596599340,1596615920,22,0,13,0,0,1,5
1,False,4010,4010,active,1014,1,1,1,1596613376,1596615920,20,1,3,0,2,1,5
1,False,4011,4011,active,1015,1,1,1,1596608884,1596615920,2,0,23,0,1,1,5
1,False,4012,4012,active,1016,1,1,1,1596610035,1596615920,0,0,23,0,0,1,5
1,False,4013,4013,active,1017,1,1,1,1596584982,1596615920,0,0,24,0,0,1,5
1,False,4014,4014,active,1018,1,1,1,1596599246,1596615920,10,1,11,0,0,1,5
1,False,4015,4015,active,1019,1,1,1,1596608839,1596615920,0,0,31,0,0,1,5
1,False,4016,4016,active,1020,1,1,1,1596604556,1596615920,11,1,10,0,0,1,5
1,False,4017,4017,active,1021,1,1,1,1596610475,1596615920,8,0,14,0,0,1,5
1,False,4018,4018,active,1022,1,1,1,1596591866,1596615920,21,0,0,0,0,1,5
1,False,4019,4019,active,1023,1,1,1,1596605634,1596615920,11,0,6,0,0,1,5
1,False,4020,4020,active,1024,1,1,1,1596609118,1596615920,13,1,8,0,0,1,5
1,False,4021,4021,active,1025,1,1,1,1596602532,1596615920,13,0,8,0,0,1,5
1,False,4023,4023,out_of_service,1026,0,0,0,86400,1596615920,0,0,0,0,0,1,5
1,False,4024,4024,active,1027,1,1,1,1596611479,1596615920,6,0,27,0,1,1,5
1,False,4025,4025,active,1028,1,1,1,1596598298,1596615920,3,0,17,0,0,1,5
1,False,4029,4029,active,1029,1,1,1,1596581595,1596615920,6,2,15,0,0,1,5
1,False,4031,4031,active,1030,1,1,1,1596583026,1596615920,1,0,18,0,0,1,5
1,False,4032,4032,active,1031,1,1,1,1596594911,1596615920,18,0,1,0,0,1,5
1,False,4034,4034,active,1032,1,1,1,1596598063,1596615920,5,0,22,0,0,1,5
1,False,4035,4035,active,1033,1,1,1,1596612002,1596615920,2,0,18,0,0,1,5
1,False,4036,4036,active,1034,1,1,1,1596608845,1596615920,33,0,3,0,2,1,5
1,False,4037,4037,active,1035,1,1,1,1596593445,1596615920,33,0,6,0,0,1,5
1,False,4038,4038,active,1036,1,1,1,1596609239,1596615920,5,1,23,0,1,1,5
1,False,4041,4041,active,1037,1,1,1,1596608535,1596615920,2,1,15,0,0,1,5
1,False,4044,4044,active,1038,1,1,1,1596610462,1596615920,10,1,37,1,0,1,5
1,False,4045,4045,active,1039,1,1,1,1596598358,1596615920,34,3,2,0,0,1,5
1,False,4048,4048,active,1040,1,1,1,1596599850,1596615920,4,0,16,0,0,1,5
1,False,4058,4058,active,1041,1,1,1,1596605540,1596615920,0,0,41,0,0,1,5
1,False,4064,4064,active,1042,1,1,1,1596598762,1596615920,13,0,10,0,0,1,5
1,False,4072,4072,active,1043,1,1,1,1596582338,1596615920,0,0,44,0,0,1,5
1,False,4073,4073,active,1044,1,1,1,1596602633,1596615920,1,0,34,0,0,1,5
